Workbook

Sheet 元データ
A1: 店舗名 | B1: 年区分 | C1: 月 | D1: 項目 | E1: 売上金額 | F1: 商品点数 | G1: 客数 | H1: 利用数 | J1: ■入力ルール
A2: Ｃ新沢田店 | B2: 前年 | C2: 1 | D2: 全体 | E2: 1239567 | F2: 2825 | G2: 765 | J2: 1行 = 1店舗 × 1ヶ月 × 1項目
A3: Ｃ新沢田店 | B3: 前年 | C3: 1 | D3: ワイシャツ | F3: 1181 | J3: 年区分：本年 / 前年
A4: Ｃ新沢田店 | B4: 前年 | C4: 1 | D4: ズボン | F4: 461 | J4: 月：8,9,10,11,12,1,2,3,4,5,6,7（8月〜7月年度）
A5: Ｃ新沢田店 | B5: 前年 | C5: 1 | D5: ジャケット | F5: 371 | J5: 項目：全体 / ワイシャツ / ズボン / ジャケット / アプリ / BD / ダイヤモンド
A6: Ｃ新沢田店 | B6: 本年 | C6: 1 | D6: 全体 | E6: 1215172 | F6: 2546 | G6: 714 | J6: E〜H列に4指標の実績を入力
A7: Ｃ新沢田店 | B7: 本年 | C7: 1 | D7: ワイシャツ | F7: 968 | J7: 行はいくら増やしてもOK（20000行まで自動集計）
A8: Ｃ新沢田店 | B8: 本年 | C8: 1 | D8: ズボン | F8: 434 | J8: 店舗名は「店舗マスタ」と一致させてください
A9: Ｃ新沢田店 | B9: 本年 | C9: 1 | D9: ジャケット | F9: 389
A10: Ｃ新沢田店 | B10: 本年 | C10: 1 | D10: アプリ | H10: 115
A11: Ｃ新沢田店 | B11: 本年 | C11: 1 | D11: BD | H11: 4
A12: Ｃ新沢田店 | B12: 本年 | C12: 1 | D12: ダイヤモンド
A13: Ｃ新沢田店 | B13: 前年 | C13: 2 | D13: 全体 | E13: 1198353 | F13: 2593 | G13: 758
A14: Ｃ新沢田店 | B14: 前年 | C14: 2 | D14: ワイシャツ | F14: 1135
A15: Ｃ新沢田店 | B15: 前年 | C15: 2 | D15: ズボン | F15: 383
A16: Ｃ新沢田店 | B16: 前年 | C16: 2 | D16: ジャケット | F16: 301
A17: Ｃ新沢田店 | B17: 本年 | C17: 2 | D17: 全体 | E17: 1161376 | F17: 2356 | G17: 694
A18: Ｃ新沢田店 | B18: 本年 | C18: 2 | D18: ワイシャツ | F18: 975
A19: Ｃ新沢田店 | B19: 本年 | C19: 2 | D19: ズボン | F19: 371
A20: Ｃ新沢田店 | B20: 本年 | C20: 2 | D20: ジャケット | F20: 274
A21: Ｃ新沢田店 | B21: 本年 | C21: 2 | D21: アプリ
A22: Ｃ新沢田店 | B22: 本年 | C22: 2 | D22: BD
A23: Ｃ新沢田店 | B23: 本年 | C23: 2 | D23: ダイヤモンド
A24: Ｃ新沢田店 | B24: 前年 | C24: 3 | D24: 全体 | E24: 2478355 | F24: 4371 | G24: 845
A25: Ｃ新沢田店 | B25: 前年 | C25: 3 | D25: ワイシャツ | F25: 1346
A26: Ｃ新沢田店 | B26: 前年 | C26: 3 | D26: ズボン | F26: 554
A27: Ｃ新沢田店 | B27: 前年 | C27: 3 | D27: ジャケット | F27: 535
A28: Ｃ新沢田店 | B28: 本年 | C28: 3 | D28: 全体 | E28: 2070109 | F28: 3590
A29: Ｃ新沢田店 | B29: 本年 | C29: 3 | D29: ワイシャツ | F29: 1202
A30: Ｃ新沢田店 | B30: 本年 | C30: 3 | D30: ズボン | F30: 549
A31: Ｃ新沢田店 | B31: 本年 | C31: 3 | D31: ジャケット | F31: 499
A32: Ｃ新沢田店 | B32: 本年 | C32: 3 | D32: アプリ
A33: Ｃ新沢田店 | B33: 本年 | C33: 3 | D33: BD
A34: Ｃ新沢田店 | B34: 本年 | C34: 3 | D34: ダイヤモンド
A35: Ｃ新沢田店 | B35: 前年 | C35: 4 | D35: 全体 | E35: 3583762 | F35: 5692 | G35: 1472
A36: Ｃ新沢田店 | B36: 前年 | C36: 4 | D36: ワイシャツ | F36: 1470
A37: Ｃ新沢田店 | B37: 前年 | C37: 4 | D37: ズボン | F37: 738
A38: Ｃ新沢田店 | B38: 前年 | C38: 4 | D38: ジャケット | F38: 660
A39: Ｃ新沢田店 | B39: 本年 | C39: 4 | D39: 全体 | E39: 3609518 | F39: 5755 | G39: 1462
A40: Ｃ新沢田店 | B40: 本年 | C40: 4 | D40: ワイシャツ | F40: 1258
A41: Ｃ新沢田店 | B41: 本年 | C41: 4 | D41: ズボン | F41: 814
A42: Ｃ新沢田店 | B42: 本年 | C42: 4 | D42: ジャケット | F42: 714
A43: Ｃ新沢田店 | B43: 本年 | C43: 4 | D43: アプリ
A44: Ｃ新沢田店 | B44: 本年 | C44: 4 | D44: BD
A45: Ｃ新沢田店 | B45: 本年 | C45: 4 | D45: ダイヤモンド
A46: Ｃ新沢田店 | B46: 前年 | C46: 5 | D46: 全体 | E46: 3077340 | F46: 4802 | G46: 1211
A47: Ｃ新沢田店 | B47: 前年 | C47: 5 | D47: ワイシャツ | F47: 1229
A48: Ｃ新沢田店 | B48: 前年 | C48: 5 | D48: ズボン | F48: 691
A49: Ｃ新沢田店 | B49: 前年 | C49: 5 | D49: ジャケット | F49: 565
A50: Ｃ新沢田店 | B50: 本年 | C50: 5 | D50: 全体 | E50: 2422219 | F50: 3867
A51: Ｃ新沢田店 | B51: 本年 | C51: 5 | D51: ワイシャツ | F51: 980
A52: Ｃ新沢田店 | B52: 本年 | C52: 5 | D52: ズボン | F52: 619
A53: Ｃ新沢田店 | B53: 本年 | C53: 5 | D53: ジャケット | F53: 484
A54: Ｃ新沢田店 | B54: 本年 | C54: 5 | D54: アプリ
A55: Ｃ新沢田店 | B55: 本年 | C55: 5 | D55: BD
A56: Ｃ新沢田店 | B56: 本年 | C56: 5 | D56: ダイヤモンド
A57: Ｃ新沢田店 | B57: 前年 | C57: 6 | D57: 全体 | E57: 2295669 | F57: 4100
A58: Ｃ新沢田店 | B58: 前年 | C58: 6 | D58: ワイシャツ | F58: 1205
A59: Ｃ新沢田店 | B59: 前年 | C59: 6 | D59: ズボン | F59: 701
A60: Ｃ新沢田店 | B60: 前年 | C60: 6 | D60: ジャケット | F60: 480
A61: Ｃ新沢田店 | B61: 本年 | C61: 6 | D61: 全体 | E61: 2393210 | F61: 3918
A62: Ｃ新沢田店 | B62: 本年 | C62: 6 | D62: ワイシャツ | F62: 1146
A63: Ｃ新沢田店 | B63: 本年 | C63: 6 | D63: ズボン | F63: 640
A64: Ｃ新沢田店 | B64: 本年 | C64: 6 | D64: ジャケット | F64: 434
A65: Ｃ新沢田店 | B65: 本年 | C65: 6 | D65: アプリ
A66: Ｃ新沢田店 | B66: 本年 | C66: 6 | D66: BD
A67: Ｃ新沢田店 | B67: 本年 | C67: 6 | D67: ダイヤモンド
A68: Ｃ新沢田店 | B68: 前年 | C68: 7 | D68: 全体 | E68: 1727630 | F68: 3282
A69: Ｃ新沢田店 | B69: 前年 | C69: 7 | D69: ワイシャツ | F69: 1205
A70: Ｃ新沢田店 | B70: 前年 | C70: 7 | D70: ズボン | F70: 616
A71: Ｃ新沢田店 | B71: 前年 | C71: 7 | D71: ジャケット | F71: 382
A72: Ｃ新沢田店 | B72: 本年 | C72: 7 | D72: 全体 | E72: 1728390 | F72: 3071
A73: Ｃ新沢田店 | B73: 本年 | C73: 7 | D73: ワイシャツ | F73: 1018
A74: Ｃ新沢田店 | B74: 本年 | C74: 7 | D74: ズボン | F74: 604
A75: Ｃ新沢田店 | B75: 本年 | C75: 7 | D75: ジャケット | F75: 377
A76: Ｃ新沢田店 | B76: 本年 | C76: 7 | D76: アプリ
A77: Ｃ新沢田店 | B77: 本年 | C77: 7 | D77: BD
A78: Ｃ新沢田店 | B78: 本年 | C78: 7 | D78: ダイヤモンド
A79: Ｃ新沢田店 | B79: 前年 | C79: 8 | D79: 全体 | E79: 1208615 | F79: 2516 | G79: 718
A80: Ｃ新沢田店 | B80: 前年 | C80: 8 | D80: ワイシャツ | F80: 972 | G80: 1075
A81: Ｃ新沢田店 | B81: 前年 | C81: 8 | D81: ズボン | F81: 499 | G81: 898
A82: Ｃ新沢田店 | B82: 前年 | C82: 8 | D82: ジャケット | F82: 239 | G82: 953
A83: Ｃ新沢田店 | B83: 本年 | C83: 8 | D83: 全体 | E83: 1124601 | F83: 2193 | G83: 679
A84: Ｃ新沢田店 | B84: 本年 | C84: 8 | D84: ワイシャツ | F84: 831 | G84: 847
A85: Ｃ新沢田店 | B85: 本年 | C85: 8 | D85: ズボン | F85: 469 | G85: 987
A86: Ｃ新沢田店 | B86: 本年 | C86: 8 | D86: ジャケット | F86: 231 | G86: 932
A87: Ｃ新沢田店 | B87: 本年 | C87: 8 | D87: アプリ
A88: Ｃ新沢田店 | B88: 本年 | C88: 8 | D88: BD
A89: Ｃ新沢田店 | B89: 本年 | C89: 8 | D89: ダイヤモンド
A90: Ｃ新沢田店 | B90: 前年 | C90: 9 | D90: 全体 | E90: 1183086 | F90: 2569 | G90: 729
A91: Ｃ新沢田店 | B91: 前年 | C91: 9 | D91: ワイシャツ | F91: 1115
A92: Ｃ新沢田店 | B92: 前年 | C92: 9 | D92: ズボン | F92: 508
A93: Ｃ新沢田店 | B93: 前年 | C93: 9 | D93: ジャケット | F93: 249
A94: Ｃ新沢田店 | B94: 本年 | C94: 9 | D94: 全体 | E94: 1176608 | F94: 2503 | G94: 727
A95: Ｃ新沢田店 | B95: 本年 | C95: 9 | D95: ワイシャツ | F95: 1003
A96: Ｃ新沢田店 | B96: 本年 | C96: 9 | D96: ズボン | F96: 479
A97: Ｃ新沢田店 | B97: 本年 | C97: 9 | D97: ジャケット | F97: 266
A98: Ｃ新沢田店 | B98: 本年 | C98: 9 | D98: アプリ
A99: Ｃ新沢田店 | B99: 本年 | C99: 9 | D99: BD
A100: Ｃ新沢田店 | B100: 本年 | C100: 9 | D100: ダイヤモンド
...

Sheet 元データ_14項目
A1: 店舗名 | B1: 年区分 | C1: 月 | D1: ワイシャツ | E1: カジュアルシャツ | F1: ブラウス | G1: スーツ | H1: 上着 | I1: ズボン | J1: スカート | K1: セーター | L1: カーディガン | M1: ワンピース | N1: コート | O1: ジャンバー | P1: ダウン | Q1: スキーウェア
A2: Ｃ新沢田店 | B2: 本年 | C2: 1 | D2: 968 | E2: 32 | F2: 34 | G2: 182 | H2: 14 | I2: 130 | J2: 28 | K2: 98 | L2: 19 | M2: 23 | N2: 52 | O2: 48 | P2: 10 | Q2: 7
A3: Ｃ新沢田店 | B3: 前年 | C3: 1 | D3: 1181 | E3: 46 | F3: 22 | G3: 185 | H3: 15 | I3: 123 | J3: 22 | K3: 92 | L3: 21 | M3: 26 | N3: 56 | O3: 31 | P3: 18 | Q3: 2
A4: Ｃ新沢田店 | B4: 本年 | C4: 2 | D4: 975 | E4: 25 | F4: 28 | G4: 104 | H4: 50 | I4: 166 | J4: 11 | K4: 71 | L4: 21 | M4: 24 | N4: 47 | O4: 31 | P4: 20 | Q4: 2
A5: Ｃ新沢田店 | B5: 前年 | C5: 2 | D5: 1135 | E5: 29 | F5: 26 | G5: 81 | H5: 57 | I5: 199 | J5: 20 | K5: 124 | L5: 26 | M5: 19 | N5: 62 | O5: 22 | P5: 17 | Q5: 2
A6: Ｃ新沢田店 | B6: 本年 | C6: 3 | D6: 1202 | E6: 54 | F6: 44 | G6: 203 | H6: 22 | I6: 177 | J6: 24 | K6: 134 | L6: 27 | M6: 22 | N6: 160 | O6: 111 | P6: 110 | Q6: 5
A7: Ｃ新沢田店 | B7: 前年 | C7: 3 | D7: 1346 | E7: 45 | F7: 51 | G7: 209 | H7: 38 | I7: 188 | J7: 26 | K7: 194 | L7: 58 | M7: 29 | N7: 272 | O7: 129 | P7: 202 | Q7: 18
A8: Ｃ新沢田店 | B8: 本年 | C8: 4 | D8: 1258 | E8: 90 | F8: 80 | G8: 273 | H8: 50 | I8: 285 | J8: 68 | K8: 499 | L8: 171 | M8: 71 | N8: 539 | O8: 210 | P8: 256 | Q8: 10
A9: Ｃ新沢田店 | B9: 前年 | C9: 4 | D9: 1470 | E9: 48 | F9: 52 | G9: 248 | H9: 56 | I9: 265 | J9: 68 | K9: 497 | L9: 161 | M9: 62 | N9: 491 | O9: 194 | P9: 221 | Q9: 11
A10: Ｃ新沢田店 | B10: 本年 | C10: 5 | D10: 980 | E10: 79 | F10: 73 | G10: 216 | H10: 62 | I10: 241 | J10: 41 | K10: 245 | L10: 127 | M10: 44 | N10: 228 | O10: 154 | P10: 134 | Q10: 6
A11: Ｃ新沢田店 | B11: 前年 | C11: 5 | D11: 1229 | E11: 104 | F11: 85 | G11: 224 | H11: 46 | I11: 277 | J11: 61 | K11: 333 | L11: 126 | M11: 61 | N11: 275 | O11: 212 | P11: 142 | Q11: 7
A12: Ｃ新沢田店 | B12: 本年 | C12: 6 | D12: 1146 | E12: 87 | F12: 92 | G12: 156 | H12: 64 | I12: 325 | J12: 62 | K12: 191 | L12: 96 | M12: 53 | N12: 148 | O12: 109 | P12: 74 | Q12: 2
A13: Ｃ新沢田店 | B13: 前年 | C13: 6 | D13: 1205 | E13: 95 | F13: 73 | G13: 169 | H13: 49 | I13: 310 | J13: 43 | K13: 148 | L13: 123 | M13: 48 | N13: 158 | O13: 116 | P13: 66 | Q13: 1
... A650: 城北店 | B650: 本年 | C650: 8 | D650: 767 | E650: 11 | F650: 30 | G650: 49 | H650: 13 | I650: 199 | J650: 10 | K650: 14 | L650: 15 | M650: 14 | N650: 8 | O650: 19 | P650: 14 | Q650: 0
A651: 城北店 | B651: 前年 | C651: 8 | D651: 893 | E651: 13 | F651: 26 | G651: 69 | H651: 18 | I651: 238 | J651: 18 | K651: 37 | L651: 15 | M651: 18 | N651: 10 | O651: 32 | P651: 7
A652: 城北店 | B652: 本年 | C652: 9 | D652: 1011 | E652: 14 | F652: 30 | G652: 57 | H652: 29 | I652: 198 | J652: 24 | K652: 20 | L652: 9 | M652: 32 | N652: 11 | O652: 13 | P652: 6 | Q652: 2
A653: 城北店 | B653: 前年 | C653: 9 | D653: 944 | E653: 7 | F653: 39 | G653: 52 | H653: 11 | I653: 190 | J653: 21 | K653: 14 | L653: 11 | M653: 18 | N653: 7 | O653: 24 | P653: 4 | Q653: 0
A654: 城北店 | B654: 本年 | C654: 10 | D654: 1062 | E654: 21 | F654: 67 | G654: 60 | H654: 76 | I654: 316 | J654: 38 | K654: 27 | L654: 23 | M654: 49 | N654: 40 | O654: 31 | P654: 19 | Q654: 0
A655: 城北店 | B655: 前年 | C655: 10 | D655: 1422 | E655: 35 | F655: 58 | G655: 134 | H655: 35 | I655: 329 | J655: 55 | K655: 62 | L655: 31 | M655: 38 | N655: 31 | O655: 25 | P655: 11 | Q655: 4
A656: 城北店 | B656: 本年 | C656: 11 | D656: 990 | E656: 26 | F656: 69 | G656: 113 | H656: 78 | I656: 244 | J656: 33 | K656: 36 | L656: 26 | M656: 38 | N656: 29 | O656: 27 | P656: 20 | Q656: 0
A657: 城北店 | B657: 前年 | C657: 11 | D657: 1162 | E657: 44 | F657: 32 | G657: 132 | H657: 42 | I657: 248 | J657: 16 | K657: 47 | L657: 12 | M657: 40 | N657: 28 | O657: 27 | P657: 12 | Q657: 0
A658: 城北店 | B658: 本年 | C658: 12 | D658: 1126 | E658: 28 | F658: 34 | G658: 132 | H658: 41 | I658: 176 | J658: 19 | K658: 76 | L658: 23 | M658: 16 | N658: 40 | O658: 38 | P658: 13 | Q658: 2
A659: 城北店 | B659: 前年 | C659: 12 | D659: 1270 | E659: 32 | F659: 32 | G659: 213 | H659: 32 | I659: 238 | J659: 21 | K659: 89 | L659: 26 | M659: 22 | N659: 30 | O659: 37 | P659: 15 | Q659: 2
A660: 神山店 | B660: 本年 | C660: 1 | D660: 392 | E660: 21 | F660: 11 | G660: 55 | H660: 0 | I660: 37 | J660: 6 | K660: 17 | L660: 6 | M660: 13 | N660: 23 | O660: 18 | P660: 7 | Q660: 0
A661: 神山店 | B661: 前年 | C661: 1 | D661: 337 | E661: 22 | F661: 8 | G661: 44 | H661: 2 | I661: 70 | J661: 9 | K661: 24 | L661: 6 | M661: 8 | N661: 33 | O661: 14 | P661: 9 | Q661: 0
A662: 神山店 | B662: 本年 | C662: 2 | D662: 365 | E662: 26 | F662: 6 | G662: 35 | H662: 1 | I662: 45 | J662: 9 | K662: 19 | L662: 10 | M662: 7 | N662: 18 | O662: 14 | P662: 6 | Q662: 2
A663: 神山店 | B663: 前年 | C663: 2 | D663: 374 | E663: 24 | F663: 12 | G663: 19 | H663: 16 | I663: 67 | J663: 11 | K663: 18 | L663: 6 | M663: 13 | N663: 20 | O663: 9 | P663: 9 | Q663: 0
... A1235: 与惣次店 | B1235: 前年 | C1235: 12 | D1235: 882 | E1235: 27 | F1235: 38 | G1235: 190 | H1235: 25 | I1235: 196 | J1235: 58 | K1235: 73 | L1235: 44 | M1235: 42 | N1235: 42 | O1235: 44 | P1235: 16 | Q1235: 0

Sheet 元データ_加工
A1: 店舗名 | B1: 月 | C1: ドライ点数 | D1: ＹシャツＳコース点数 | E1: 花粉加工 | F1: スーパーリボーン加工 | G1: 撥水加工 | H1: 防虫加工 | I1: 爽快 | J1: エコウェット | K1: 防臭加工 | L1: 念入り | M1: なめらかタッチ | N1: 布団類防虫 | O1: 襟・袖念入り | P1: 復元
A2: Ｃ新沢田店 | B2: 1 | C2: 1578 | D2: 968 | E2: 0 | F2: 18 | G2: 9 | H2: 4 | I2: 148 | J2: 5 | K2: 10 | L2: 37 | M2: 0 | N2: 0 | O2: 0 | P2: 0
A3: Ｃ新沢田店 | B3: 2 | C3: 1381 | D3: 975 | E3: 0 | F3: 16 | G3: 14 | H3: 0 | I3: 126 | J3: 0 | K3: 1 | L3: 39 | M3: 0 | N3: 0 | O3: 2 | P3: 2
A4: Ｃ新沢田店 | B4: 3 | C4: 2388 | D4: 1202 | E4: 4 | F4: 14 | G4: 55 | H4: 21 | I4: 223 | J4: 0 | K4: 0 | L4: 31 | M4: 0 | N4: 0 | O4: 4 | P4: 5
A5: Ｃ新沢田店 | B5: 4 | C5: 4497 | D5: 1258 | E5: 0 | F5: 28 | G5: 61 | H5: 60 | I5: 239 | J5: 2 | K5: 0 | L5: 33 | M5: 0 | N5: 0 | O5: 3 | P5: 9
A6: Ｃ新沢田店 | B6: 5 | C6: 2887 | D6: 980 | E6: 0 | F6: 0 | G6: 19 | H6: 35 | I6: 167 | J6: 0 | K6: 0 | L6: 15 | M6: 0 | N6: 0 | O6: 0 | P6: 8
A7: Ｃ新沢田店 | B7: 6 | C7: 2772 | D7: 1146 | E7: 0 | F7: 0 | G7: 35 | H7: 16 | I7: 261 | J7: 2 | K7: 1 | L7: 23 | M7: 0 | N7: 0 | O7: 1 | P7: 1
A8: Ｃ新沢田店 | B8: 7 | C8: 2053 | D8: 1018 | E8: 0 | F8: 0 | G8: 10 | H8: 23 | I8: 346 | J8: 9 | K8: 0 | L8: 27 | M8: 0 | N8: 0 | O8: 0 | P8: 3
A9: Ｃ新沢田店 | B9: 8 | C9: 1362 | D9: 831 | E9: 0 | F9: 0 | G9: 10 | H9: 0 | I9: 227 | J9: 9 | K9: 0 | L9: 33 | M9: 0 | N9: 0 | O9: 0 | P9: 4
A10: Ｃ新沢田店 | B10: 9 | C10: 1500 | D10: 1003 | E10: 0 | F10: 0 | G10: 9 | H10: 0 | I10: 195 | J10: 9 | K10: 4 | L10: 29 | M10: 0 | N10: 0 | O10: 0 | P10: 1
A11: Ｃ新沢田店 | B11: 10 | C11: 2469 | D11: 1325 | E11: 0 | F11: 0 | G11: 12 | H11: 0 | I11: 294 | J11: 11 | K11: 1 | L11: 61 | M11: 0 | N11: 0 | O11: 0
A12: Ｃ新沢田店 | B12: 11 | C12: 2206 | D12: 1225 | E12: 0 | F12: 4 | G12: 8 | H12: 0 | I12: 202 | J12: 5 | K12: 20 | L12: 43 | M12: 0 | N12: 0 | O12: 0 | P12: 2
A13: Ｃ新沢田店 | B13: 12 | C13: 2287 | D13: 1186 | E13: 0 | F13: 9 | G13: 27 | H13: 0 | I13: 230 | J13: 2 | K13: 10 | L13: 47 | M13: 0 | N13: 0 | O13: 0 | P13: 2
A14: Ｋ函南店 | B14: 1 | C14: 1849 | D14: 1211 | E14: 0 | F14: 7 | G14: 17 | H14: 9 | I14: 176 | J14: 0 | K14: 61 | L14: 19 | M14: 0 | N14: 0 | O14: 0 | P14: 2
A15: Ｋ函南店 | B15: 2 | C15: 1606 | D15: 1265 | E15: 0 | F15: 9 | G15: 34 | H15: 2 | I15: 186 | J15: 0 | K15: 71 | L15: 6 | M15: 0 | N15: 0 | O15: 0 | P15: 2
A16: Ｋ函南店 | B16: 3 | C16: 3256 | D16: 1448 | E16: 0 | F16: 2 | G16: 136 | H16: 36 | I16: 253 | J16: 1 | K16: 36 | L16: 13 | M16: 0 | N16: 0 | O16: 0 | P16: 2
A17: Ｋ函南店 | B17: 4 | C17: 5568 | D17: 1516 | E17: 0 | F17: 1 | G17: 151 | H17: 120 | I17: 337 | J17: 3 | K17: 19 | L17: 6 | M17: 0 | N17: 0 | O17: 1
A18: Ｋ函南店 | B18: 5 | C18: 3609 | D18: 1417 | E18: 0 | F18: 0 | G18: 70 | H18: 63 | I18: 269 | J18: 2 | K18: 49 | L18: 6 | M18: 0 | N18: 0 | O18: 1
A19: Ｋ函南店 | B19: 6 | C19: 3106 | D19: 1453 | E19: 0 | F19: 0 | G19: 80 | H19: 39 | I19: 380 | J19: 1 | K19: 35 | L19: 19 | M19: 0 | N19: 0 | O19: 0
A20: Ｋ函南店 | B20: 7 | C20: 2383 | D20: 1332 | E20: 0 | F20: 0 | G20: 86 | H20: 16 | I20: 484 | J20: 4 | K20: 5 | L20: 4 | M20: 0 | N20: 1 | O20: 0
A21: Ｋ函南店 | B21: 8 | C21: 2125 | D21: 1166 | E21: 2 | F21: 0 | G21: 49 | H21: 15 | I21: 527 | J21: 2 | K21: 8 | L21: 16 | M21: 0 | N21: 0 | O21: 0
A22: Ｋ函南店 | B22: 9 | C22: 1994 | D22: 1261 | E22: 0 | F22: 0 | G22: 38 | H22: 4 | I22: 400 | J22: 4 | K22: 22 | L22: 20 | M22: 0 | N22: 0 | O22: 0
A23: Ｋ函南店 | B23: 10 | C23: 2971 | D23: 1624 | E23: 0 | F23: 0 | G23: 57 | H23: 9 | I23: 415 | J23: 1 | K23: 66 | L23: 32 | M23: 0 | N23: 0 | O23: 0
A24: Ｋ函南店 | B24: 11 | C24: 2594 | D24: 1452 | E24: 0 | F24: 8 | G24: 34 | H24: 18 | I24: 370 | J24: 0 | K24: 93 | L24: 20 | M24: 0 | N24: 0 | O24: 0
A25: Ｋ函南店 | B25: 12 | C25: 2589 | D25: 1417 | E25: 0 | F25: 11 | G25: 94 | H25: 4 | I25: 322 | J25: 1 | K25: 74 | L25: 21 | M25: 0 | N25: 0 | O25: 0
A26: ＭＶ原町店 | B26: 1 | C26: 795 | D26: 328 | E26: 0 | F26: 11 | G26: 16 | H26: 1 | I26: 62 | J26: 45 | K26: 11 | L26: 41 | M26: 0 | N26: 0 | O26: 0
A27: ＭＶ原町店 | B27: 2 | C27: 744 | D27: 384 | E27: 0 | F27: 12 | G27: 10 | H27: 2 | I27: 60 | J27: 43 | K27: 4 | L27: 51 | M27: 0 | N27: 0 | O27: 0
A28: ＭＶ原町店 | B28: 3 | C28: 1456 | D28: 430 | E28: 0 | F28: 0 | G28: 68 | H28: 36 | I28: 148 | J28: 73 | K28: 12 | L28: 51 | M28: 0 | N28: 0 | O28: 0
... A144: 吉田店 | B144: 12 | C144: 1786 | D144: 661 | E144: 0 | F144: 36 | G144: 115 | H144: 7 | I144: 500 | J144: 0 | K144: 95 | L144: 209 | M144: 0 | N144: 0 | O144: 0
A145: 曲金店 | B145: 1 | C145: 708 | D145: 666 | E145: 0 | F145: 2 | G145: 10 | H145: 1 | I145: 63 | J145: 8 | K145: 2 | L145: 33 | M145: 0 | N145: 0 | O145: 1 | P145: 1
A146: 曲金店 | B146: 2 | C146: 621 | D146: 731 | E146: 2 | F146: 0 | G146: 23 | H146: 8 | I146: 67 | J146: 13 | K146: 0 | L146: 71 | M146: 0 | N146: 0 | O146: 0 | P146: 0
A147: 曲金店 | B147: 3 | C147: 1330 | D147: 889 | E147: 0 | F147: 2 | G147: 34 | H147: 12 | I147: 127 | J147: 11 | K147: 8 | L147: 66 | M147: 0 | N147: 0 | O147: 0 | P147: 1
A148: 曲金店 | B148: 4 | C148: 2342 | D148: 947 | E148: 2 | F148: 1 | G148: 60 | H148: 50 | I148: 225 | J148: 11 | K148: 0 | L148: 85 | M148: 0 | N148: 0 | O148: 3 | P148: 4
A149: 曲金店 | B149: 5 | C149: 1523 | D149: 775 | E149: 0 | F149: 0 | G149: 33 | H149: 17 | I149: 185 | J149: 20 | K149: 0 | L149: 38 | M149: 0 | N149: 0 | O149: 0 | P149: 1
A150: 曲金店 | B150: 6 | C150: 1304 | D150: 1007 | E150: 0 | F150: 4 | G150: 19 | H150: 6 | I150: 154 | J150: 18 | K150: 13 | L150: 59 | M150: 0 | N150: 0 | O150: 4 | P150: 5
A151: 曲金店 | B151: 7 | C151: 864 | D151: 757 | E151: 0 | F151: 0 | G151: 13 | H151: 10 | I151: 141 | J151: 39 | K151: 0 | L151: 40 | M151: 0 | N151: 0 | O151: 0 | P151: 3
A152: 曲金店 | B152: 8 | C152: 644 | D152: 621 | E152: 0 | F152: 0 | G152: 6 | H152: 0 | I152: 142 | J152: 29 | K152: 0 | L152: 48 | M152: 0 | N152: 0 | O152: 0
A153: 曲金店 | B153: 9 | C153: 656 | D153: 777 | E153: 0 | F153: 0 | G153: 5 | H153: 4 | I153: 101 | J153: 39 | K153: 3 | L153: 70 | M153: 0 | N153: 0 | O153: 0 | P153: 0
A154: 曲金店 | B154: 10 | C154: 1035 | D154: 1022 | E154: 0 | F154: 0 | G154: 12 | H154: 11 | I154: 196 | J154: 31 | K154: 36 | L154: 120 | M154: 0 | N154: 0 | O154: 1 | P154: 5
A155: 曲金店 | B155: 11 | C155: 1072 | D155: 845 | E155: 0 | F155: 12 | G155: 23 | H155: 8 | I155: 153 | J155: 23 | K155: 11 | L155: 57 | M155: 0 | N155: 0 | O155: 2 | P155: 4
A156: 曲金店 | B156: 12 | C156: 1197 | D156: 910 | E156: 0 | F156: 3 | G156: 14 | H156: 0 | I156: 170 | J156: 15 | K156: 10 | L156: 59 | M156: 0 | N156: 0 | O156: 0 | P156: 2
A157: 原 店 | B157: 1 | C157: 1162 | D157: 512 | E157: 0 | F157: 23 | G157: 33 | H157: 30 | I157: 151 | J157: 107 | K157: 20 | L157: 105 | M157: 0 | N157: 0 | O157: 0 | P157: 0
A158: 原 店 | B158: 2 | C158: 1047 | D158: 510 | E158: 0 | F158: 34 | G158: 25 | H158: 44 | I158: 175 | J158: 94 | K158: 19 | L158: 121 | M158: 0 | N158: 1 | O158: 0 | P158: 2
A159: 原 店 | B159: 3 | C159: 1728 | D159: 616 | E159: 2 | F159: 11 | G159: 128 | H159: 129 | I159: 204 | J159: 103 | K159: 23 | L159: 149 | M159: 0 | N159: 2 | O159: 2 | P159: 7
A160: 原 店 | B160: 4 | C160: 3171 | D160: 880 | E160: 5 | F160: 7 | G160: 181 | H160: 325 | I160: 451 | J160: 205 | K160: 26 | L160: 197 | M160: 0 | N160: 11 | O160: 7 | P160: 8
A161: 原 店 | B161: 5 | C161: 2071 | D161: 691 | E161: 0 | F161: 5 | G161: 97 | H161: 198 | I161: 346 | J161: 161 | K161: 28 | L161: 172 | M161: 0 | N161: 8 | O161: 4 | P161: 14
A162: 原 店 | B162: 6 | C162: 1869 | D162: 820 | E162: 0 | F162: 2 | G162: 45 | H162: 129 | I162: 325 | J162: 208 | K162: 27 | L162: 170 | M162: 0 | N162: 25 | O162: 1 | P162: 6
A163: 原 店 | B163: 7 | C163: 1545 | D163: 680 | E163: 0 | F163: 1 | G163: 53 | H163: 30 | I163: 293 | J163: 212 | K163: 30 | L163: 148 | M163: 0 | N163: 23 | O163: 0 | P163: 12
A164: 原 店 | B164: 8 | C164: 1049 | D164: 488 | E164: 0 | F164: 7 | G164: 7 | H164: 9 | I164: 182 | J164: 148 | K164: 17 | L164: 115 | M164: 0 | N164: 7 | O164: 0 | P164: 16
A165: 原 店 | B165: 9 | C165: 1242 | D165: 586 | E165: 0 | F165: 9 | G165: 21 | H165: 17 | I165: 243 | J165: 204 | K165: 58 | L165: 149 | M165: 0 | N165: 0 | O165: 0 | P165: 0
A166: 原 店 | B166: 10 | C166: 1746 | D166: 709 | E166: 0 | F166: 24 | G166: 28 | H166: 38 | I166: 273 | J166: 220 | K166: 99 | L166: 163 | M166: 0 | N166: 5 | O166: 0
A167: 原 店 | B167: 11 | C167: 1758 | D167: 640 | E167: 0 | F167: 17 | G167: 27 | H167: 71 | I167: 297 | J167: 210 | K167: 61 | L167: 139 | M167: 0 | N167: 0 | O167: 0 | P167: 13
A168: 原 店 | B168: 12 | C168: 1751 | D168: 622 | E168: 0 | F168: 23 | G168: 65 | H168: 21 | I168: 242 | J168: 165 | K168: 51 | L168: 169 | M168: 0 | N168: 3 | O168: 0 | P168: 4
A169: 原里店 | B169: 1 | C169: 1353 | D169: 479 | E169: 0 | F169: 6 | G169: 35 | H169: 0 | I169: 182 | J169: 38 | K169: 1 | L169: 23 | M169: 0 | N169: 0 | O169: 0 | P169: 2
A170: 原里店 | B170: 2 | C170: 1083 | D170: 448 | E170: 0 | F170: 3 | G170: 15 | H170: 0 | I170: 128 | J170: 25 | K170: 0 | L170: 10 | M170: 0 | N170: 0 | O170: 0 | P170: 5
A171: 原里店 | B171: 3 | C171: 1917 | D171: 637 | E171: 1 | F171: 1 | G171: 130 | H171: 7 | I171: 186 | J171: 60 | K171: 3 | L171: 16 | M171: 0 | N171: 0 | O171: 0 | P171: 1
A172: 原里店 | B172: 4 | C172: 3054 | D172: 642 | E172: 2 | F172: 2 | G172: 132 | H172: 18 | I172: 225 | J172: 62 | K172: 0 | L172: 19 | M172: 0 | N172: 0 | O172: 2 | P172: 1
A173: 原里店 | B173: 5 | C173: 1876 | D173: 525 | E173: 0 | F173: 0 | G173: 78 | H173: 11 | I173: 152 | J173: 51 | K173: 1 | L173: 20 | M173: 0 | N173: 0 | O173: 0 | P173: 1
A174: 原里店 | B174: 6 | C174: 1926 | D174: 564 | E174: 0 | F174: 0 | G174: 68 | H174: 2 | I174: 290 | J174: 45 | K174: 2 | L174: 26 | M174: 0 | N174: 0 | O174: 0 | P174: 0
A175: 原里店 | B175: 7 | C175: 2093 | D175: 605 | E175: 0 | F175: 0 | G175: 47 | H175: 0 | I175: 250 | J175: 94 | K175: 0 | L175: 22 | M175: 0 | N175: 0 | O175: 0 | P175: 6
A176: 原里店 | B176: 8 | C176: 1452 | D176: 427 | E176: 0 | F176: 0 | G176: 41 | H176: 0 | I176: 180 | J176: 84 | K176: 1 | L176: 23 | M176: 0 | N176: 0 | O176: 0
A177: 原里店 | B177: 9 | C177: 1578 | D177: 603 | E177: 0 | F177: 0 | G177: 28 | H177: 0 | I177: 174 | J177: 79 | K177: 9 | L177: 46 | M177: 0 | N177: 0 | O177: 0 | P177: 0
A178: 原里店 | B178: 10 | C178: 2094 | D178: 786 | E178: 0 | F178: 1 | G178: 40 | H178: 0 | I178: 241 | J178: 119 | K178: 32 | L178: 44 | M178: 0 | N178: 0 | O178: 0 | P178: 2
A179: 原里店 | B179: 11 | C179: 1538 | D179: 603 | E179: 0 | F179: 2 | G179: 18 | H179: 0 | I179: 229 | J179: 39 | K179: 8 | L179: 23 | M179: 0 | N179: 0 | O179: 0 | P179: 2
A180: 原里店 | B180: 12 | C180: 1792 | D180: 658 | E180: 0 | F180: 1 | G180: 62 | H180: 0 | I180: 189 | J180: 68 | K180: 12 | L180: 27 | M180: 0 | N180: 0 | O180: 1 | P180: 8
A181: 荒田島店 | B181: 1 | C181: 928 | D181: 654 | E181: 0 | F181: 22 | G181: 13 | H181: 0 | I181: 218 | J181: 40 | K181: 5 | L181: 61 | M181: 0 | N181: 0 | O181: 0 | P181: 1
A182: 荒田島店 | B182: 2 | C182: 774 | D182: 688 | E182: 0 | F182: 11 | G182: 17 | H182: 1 | I182: 199 | J182: 32 | K182: 8 | L182: 65 | M182: 0 | N182: 0 | O182: 0 | P182: 1
A183: 荒田島店 | B183: 3 | C183: 1479 | D183: 781 | E183: 5 | F183: 0 | G183: 70 | H183: 50 | I183: 373 | J183: 53 | K183: 15 | L183: 115 | M183: 0 | N183: 0 | O183: 5 | P183: 5
A184: 荒田島店 | B184: 4 | C184: 2754 | D184: 885 | E184: 6 | F184: 0 | G184: 25 | H184: 118 | I184: 696 | J184: 85 | K184: 6 | L184: 115 | M184: 0 | N184: 5 | O184: 3 | P184: 1
A185: 荒田島店 | B185: 5 | C185: 2282 | D185: 842 | E185: 0 | F185: 0 | G185: 14 | H185: 76 | I185: 594 | J185: 96 | K185: 23 | L185: 91 | M185: 0 | N185: 4 | O185: 1 | P185: 5
A186: 荒田島店 | B186: 6 | C186: 1740 | D186: 911 | E186: 0 | F186: 0 | G186: 34 | H186: 12 | I186: 480 | J186: 64 | K186: 0 | L186: 110 | M186: 0 | N186: 2 | O186: 0 | P186: 0
A187: 荒田島店 | B187: 7 | C187: 1481 | D187: 835 | E187: 0 | F187: 0 | G187: 17 | H187: 7 | I187: 371 | J187: 139 | K187: 16 | L187: 126 | M187: 0 | N187: 0 | O187: 0 | P187: 3
A188: 荒田島店 | B188: 8 | C188: 1078 | D188: 561 | E188: 0 | F188: 0 | G188: 3 | H188: 0 | I188: 260 | J188: 117 | K188: 7 | L188: 66 | M188: 0 | N188: 0 | O188: 0 | P188: 3
A189: 荒田島店 | B189: 9 | C189: 1000 | D189: 715 | E189: 0 | F189: 0 | G189: 7 | H189: 0 | I189: 255 | J189: 102 | K189: 25 | L189: 78 | M189: 0 | N189: 0 | O189: 0 | P189: 0
A190: 荒田島店 | B190: 10 | C190: 1202 | D190: 825 | E190: 0 | F190: 0 | G190: 6 | H190: 20 | I190: 232 | J190: 117 | K190: 14 | L190: 69 | M190: 0 | N190: 1 | O190: 0
A191: 荒田島店 | B191: 11 | C191: 1458 | D191: 795 | E191: 0 | F191: 12 | G191: 16 | H191: 8 | I191: 327 | J191: 100 | K191: 10 | L191: 113 | M191: 0 | N191: 1 | O191: 0 | P191: 5
A192: 荒田島店 | B192: 12 | C192: 1462 | D192: 764 | E192: 0 | F192: 25 | G192: 28 | H192: 9 | I192: 209 | J192: 76 | K192: 11 | L192: 72 | M192: 0 | N192: 1 | O192: 0 | P192: 3
A193: 香貫店 | B193: 1 | C193: 1534 | D193: 1058 | E193: 0 | F193: 8 | G193: 37 | H193: 5 | I193: 211 | J193: 11 | K193: 30 | L193: 147 | M193: 0 | N193: 0 | O193: 1 | P193: 5
A194: 香貫店 | B194: 2 | C194: 1116 | D194: 987 | E194: 0 | F194: 12 | G194: 16 | H194: 14 | I194: 173 | J194: 13 | K194: 6 | L194: 149 | M194: 0 | N194: 0 | O194: 0 | P194: 2
A195: 香貫店 | B195: 3 | C195: 2162 | D195: 1328 | E195: 3 | F195: 2 | G195: 81 | H195: 42 | I195: 343 | J195: 11 | K195: 2 | L195: 175 | M195: 0 | N195: 0 | O195: 4 | P195: 8
A196: 香貫店 | B196: 4 | C196: 3984 | D196: 1210 | E196: 4 | F196: 1 | G196: 144 | H196: 183 | I196: 454 | J196: 14 | K196: 0 | L196: 166 | M196: 0 | N196: 2 | O196: 15 | P196: 10
A197: 香貫店 | B197: 5 | C197: 2936 | D197: 1053 | E197: 0 | F197: 0 | G197: 110 | H197: 87 | I197: 367 | J197: 13 | K197: 0 | L197: 119 | M197: 0 | N197: 0 | O197: 3 | P197: 7
A198: 香貫店 | B198: 6 | C198: 2503 | D198: 1202 | E198: 0 | F198: 0 | G198: 88 | H198: 20 | I198: 382 | J198: 34 | K198: 1 | L198: 141 | M198: 0 | N198: 1 | O198: 0 | P198: 12
A199: 香貫店 | B199: 7 | C199: 2643 | D199: 1455 | E199: 0 | F199: 0 | G199: 79 | H199: 15 | I199: 412 | J199: 107 | K199: 4 | L199: 133 | M199: 0 | N199: 2 | O199: 0 | P199: 11
A200: 香貫店 | B200: 8 | C200: 1631 | D200: 974 | E200: 0 | F200: 0 | G200: 52 | H200: 2 | I200: 348 | J200: 39 | K200: 0 | L200: 89 | M200: 0 | N200: 4 | O200: 0
A201: 香貫店 | B201: 9 | C201: 1480 | D201: 1106 | E201: 0 | F201: 0 | G201: 26 | H201: 4 | I201: 338 | J201: 39 | K201: 43 | L201: 106 | M201: 0 | N201: 0 | O201: 1 | P201: 3
A202: 香貫店 | B202: 10 | C202: 2271 | D202: 1365 | E202: 0 | F202: 1 | G202: 33 | H202: 0 | I202: 382 | J202: 25 | K202: 41 | L202: 164 | M202: 0 | N202: 1 | O202: 0 | P202: 2
A203: 香貫店 | B203: 11 | C203: 2240 | D203: 1315 | E203: 0 | F203: 13 | G203: 46 | H203: 1 | I203: 357 | J203: 23 | K203: 86 | L203: 109 | M203: 0 | N203: 1 | O203: 0 | P203: 2
A204: 香貫店 | B204: 12 | C204: 2219 | D204: 1364 | E204: 0 | F204: 21 | G204: 93 | H204: 4 | I204: 387 | J204: 11 | K204: 56 | L204: 199 | M204: 0 | N204: 0 | O204: 0 | P204: 12
A205: 桜堤店 | B205: 1 | C205: 1427 | D205: 748 | E205: 0 | F205: 4 | G205: 18 | H205: 7 | I205: 105 | J205: 4 | K205: 24 | L205: 33 | M205: 0 | N205: 0 | O205: 2 | P205: 3
A206: 桜堤店 | B206: 2 | C206: 1295 | D206: 750 | E206: 0 | F206: 2 | G206: 18 | H206: 14 | I206: 123 | J206: 5 | K206: 29 | L206: 31 | M206: 0 | N206: 0 | O206: 1 | P206: 2
A207: 桜堤店 | B207: 3 | C207: 2595 | D207: 950 | E207: 1 | F207: 7 | G207: 87 | H207: 35 | I207: 185 | J207: 6 | K207: 27 | L207: 78 | M207: 0 | N207: 0 | O207: 3 | P207: 6
A208: 桜堤店 | B208: 4 | C208: 4400 | D208: 959 | E208: 0 | F208: 3 | G208: 75 | H208: 50 | I208: 202 | J208: 21 | K208: 22 | L208: 70 | M208: 0 | N208: 0 | O208: 18 | P208: 4
A209: 桜堤店 | B209: 5 | C209: 2857 | D209: 750 | E209: 0 | F209: 2 | G209: 83 | H209: 41 | I209: 177 | J209: 14 | K209: 8 | L209: 54 | M209: 0 | N209: 0 | O209: 3 | P209: 5
A210: 桜堤店 | B210: 6 | C210: 2440 | D210: 889 | E210: 0 | F210: 0 | G210: 54 | H210: 17 | I210: 249 | J210: 5 | K210: 19 | L210: 41 | M210: 0 | N210: 0 | O210: 1 | P210: 1
A211: 桜堤店 | B211: 7 | C211: 2053 | D211: 739 | E211: 0 | F211: 1 | G211: 10 | H211: 16 | I211: 245 | J211: 52 | K211: 6 | L211: 63 | M211: 0 | N211: 0 | O211: 0 | P211: 12
A212: 桜堤店 | B212: 8 | C212: 1360 | D212: 619 | E212: 0 | F212: 0 | G212: 12 | H212: 2 | I212: 155 | J212: 24 | K212: 3 | L212: 23 | M212: 0 | N212: 0 | O212: 0
A213: 桜堤店 | B213: 9 | C213: 1427 | D213: 846 | E213: 0 | F213: 0 | G213: 22 | H213: 5 | I213: 169 | J213: 32 | K213: 20 | L213: 45 | M213: 0 | N213: 0 | O213: 0 | P213: 3
A214: 桜堤店 | B214: 10 | C214: 2012 | D214: 1060 | E214: 0 | F214: 1 | G214: 0 | H214: 34 | I214: 175 | J214: 28 | K214: 47 | L214: 60 | M214: 0 | N214: 0 | O214: 0 | P214: 13
A215: 桜堤店 | B215: 11 | C215: 1853 | D215: 909 | E215: 0 | F215: 12 | G215: 21 | H215: 8 | I215: 122 | J215: 21 | K215: 30 | L215: 51 | M215: 0 | N215: 0 | O215: 1 | P215: 1
...

Sheet 店舗マスタ
A1: 店舗名 | C1: ※実際の店舗名に上書きしてください（各表に自動反映）
A2: 裾野本店
A3: 三 島 店
A4: ｱｰｹｰﾄﾞ店
A5: 東田中店
A6: 桜堤店
A7: 香貫店
A8: 学園通り店
A9: 伏見店
A10: 原里店
A11: 岡の宮店
A12: 川島田店
A13: 便船塚店
... A54: 竹原店

Sheet 1_昨対表
A1: 店舗別 年計表 ① 昨対表（8月〜7月）
A2: 指標 | C2: 売上金額
A3: 項目 | C3: 全体
C4: 本年 | P4: 前年 | AC4: 前年比
A5: 店舗名 | C5: 8 | D5: 9 | E5: 10 | F5: 11 | G5: 12 | H5: 1 | I5: 2 | J5: 3 | K5: 4 | L5: 5 | M5: 6 | N5: 7 | O5: 年計 | P5: 8 | Q5: 9 | R5: 10 | S5: 11 | T5: 12 | U5: 1 | V5: 2 | W5: 3 | X5: 4 | Y5: 5 | Z5: 6 | AA5: 7 | AB5: 年計 | AC5: 8 | AD5: 9 | AE5: 10 | AF5: 11 | AG5: 12 | AH5: 1 | AI5: 2 | AJ5: 3 | AK5: 4 | AL5: 5 | AM5: 6 | AN5: 7 | AO5: 年計
A6: =店舗マスタ!A2 -> 裾野本店 | C6: =SUMIFS(INDEX(元データ!$E$2:$H$20000,0,MATCH($C$2,元データ!$E$1:$H$1,0)),元データ!$A$2:$A$20000,$A6,元データ!$D$2:$D$20000,$C$3,元データ!$B$2:$B$20000,$C$4,元データ!$C$2:$C$20000,C$5) -> 1604809 | D6: =SUMIFS(INDEX(元データ!$E$2:$H$20000,0,MATCH($C$2,元データ!$E$1:$H$1,0)),元データ!$A$2:$A$20000,$A6,元データ!$D$2:$D$20000,$C$3,元データ!$B$2:$B$20000,$C$4,元データ!$C$2:$C$20000,D$5) -> 1533736 | E6: =SUMIFS(INDEX(元データ!$E$2:$H$20000,0,MATCH($C$2,元データ!$E$1:$H$1,0)),元データ!$A$2:$A$20000,$A6,元データ!$D$2:$D$20000,$C$3,元データ!$B$2:$B$20000,$C$4,元データ!$C$2:$C$20000,E$5) -> 2230848 | F6: =SUMIFS(INDEX(元データ!$E$2:$H$20000,0,MATCH($C$2,元データ!$E$1:$H$1,0)),元データ!$A$2:$A$20000,$A6,元データ!$D$2:$D$20000,$C$3,元データ!$B$2:$B$20000,$C$4,元データ!$C$2:$C$20000,F$5) -> 1799563 | G6: =SUMIFS(INDEX(元データ!$E$2:$H$20000,0,MATCH($C$2,元データ!$E$1:$H$1,0)),元データ!$A$2:$A$20000,$A6,元データ!$D$2:$D$20000,$C$3,元データ!$B$2:$B$20000,$C$4,元データ!$C$2:$C$20000,G$5) -> 2045741 | H6: =SUMIFS(INDEX(元データ!$E$2:$H$20000,0,MATCH($C$2,元データ!$E$1:$H$1,0)),元データ!$A$2:$A$20000,$A6,元データ!$D$2:$D$20000,$C$3,元データ!$B$2:$B$20000,$C$4,元データ!$C$2:$C$20000,H$5) -> 1397078 | I6: =SUMIFS(INDEX(元データ!$E$2:$H$20000,0,MATCH($C$2,元データ!$E$1:$H$1,0)),元データ!$A$2:$A$20000,$A6,元データ!$D$2:$D$20000,$C$3,元データ!$B$2:$B$20000,$C$4,元データ!$C$2:$C$20000,I$5) -> 1201074 | J6: =SUMIFS(INDEX(元データ!$E$2:$H$20000,0,MATCH($C$2,元データ!$E$1:$H$1,0)),元データ!$A$2:$A$20000,$A6,元データ!$D$2:$D$20000,$C$3,元データ!$B$2:$B$20000,$C$4,元データ!$C$2:$C$20000,J$5) -> 2346357 | ... N6: =SUMIFS(INDEX(元データ!$E$2:$H$20000,0,MATCH($C$2,元データ!$E$1:$H$1,0)),元データ!$A$2:$A$20000,$A6,元データ!$D$2:$D$20000,$C$3,元データ!$B$2:$B$20000,$C$4,元データ!$C$2:$C$20000,N$5) -> 1779152 | O6: =SUM(C6:N6) -> 24911731 | P6: =SUMIFS(INDEX(元データ!$E$2:$H$20000,0,MATCH($C$2,元データ!$E$1:$H$1,0)),元データ!$A$2:$A$20000,$A6,元データ!$D$2:$D$20000,$C$3,元データ!$B$2:$B$20000,$P$4,元データ!$C$2:$C$20000,P$5) -> 1669180 | Q6: =SUMIFS(INDEX(元データ!$E$2:$H$20000,0,MATCH($C$2,元データ!$E$1:$H$1,0)),元データ!$A$2:$A$20000,$A6,元データ!$D$2:$D$20000,$C$3,元データ!$B$2:$B$20000,$P$4,元データ!$C$2:$C$20000,Q$5) -> 1548475 | R6: =SUMIFS(INDEX(元データ!$E$2:$H$20000,0,MATCH($C$2,元データ!$E$1:$H$1,0)),元データ!$A$2:$A$20000,$A6,元データ!$D$2:$D$20000,$C$3,元データ!$B$2:$B$20000,$P$4,元データ!$C$2:$C$20000,R$5) -> 2365982 | S6: =SUMIFS(INDEX(元データ!$E$2:$H$20000,0,MATCH($C$2,元データ!$E$1:$H$1,0)),元データ!$A$2:$A$20000,$A6,元データ!$D$2:$D$20000,$C$3,元データ!$B$2:$B$20000,$P$4,元データ!$C$2:$C$20000,S$5) -> 1919453 | T6: =SUMIFS(INDEX(元データ!$E$2:$H$20000,0,MATCH($C$2,元データ!$E$1:$H$1,0)),元データ!$A$2:$A$20000,$A6,元データ!$D$2:$D$20000,$C$3,元データ!$B$2:$B$20000,$P$4,元データ!$C$2:$C$20000,T$5) -> 2183955 | U6: =SUMIFS(INDEX(元データ!$E$2:$H$20000,0,MATCH($C$2,元データ!$E$1:$H$1,0)),元データ!$A$2:$A$20000,$A6,元データ!$D$2:$D$20000,$C$3,元データ!$B$2:$B$20000,$P$4,元データ!$C$2:$C$20000,U$5) -> 1338289 | V6: =SUMIFS(INDEX(元データ!$E$2:$H$20000,0,MATCH($C$2,元データ!$E$1:$H$1,0)),元データ!$A$2:$A$20000,$A6,元データ!$D$2:$D$20000,$C$3,元データ!$B$2:$B$20000,$P$4,元データ!$C$2:$C$20000,V$5) -> 1368988 | W6: =SUMIFS(INDEX(元データ!$E$2:$H$20000,0,MATCH($C$2,元データ!$E$1:$H$1,0)),元データ!$A$2:$A$20000,$A6,元データ!$D$2:$D$20000,$C$3,元データ!$B$2:$B$20000,$P$4,元データ!$C$2:$C$20000,W$5) -> 3127025 | ... AA6: =SUMIFS(INDEX(元データ!$E$2:$H$20000,0,MATCH($C$2,元データ!$E$1:$H$1,0)),元データ!$A$2:$A$20000,$A6,元データ!$D$2:$D$20000,$C$3,元データ!$B$2:$B$20000,$P$4,元データ!$C$2:$C$20000,AA$5) -> 2040673 | AB6: =SUM(P6:AA6) -> 27324226 | AC6: =IFERROR(C6/P6,"") -> 0.96143556 | AD6: =IFERROR(D6/Q6,"") -> 0.9904816 | AE6: =IFERROR(E6/R6,"") -> 0.9428846 | AF6: =IFERROR(F6/S6,"") -> 0.9375395 | AG6: =IFERROR(G6/T6,"") -> 0.9367139 | AH6: =IFERROR(H6/U6,"") -> 1.0439285 | AI6: =IFERROR(I6/V6,"") -> 0.87734443 | AJ6: =IFERROR(J6/W6,"") -> 0.75034801 | ... AO6: =IFERROR(O6/AB6,"") -> 0.91170857
A7: =店舗マスタ!A3 -> 三 島 店 | C7: =SUMIFS(INDEX(元データ!$E$2:$H$20000,0,MATCH($C$2,元データ!$E$1:$H$1,0)),元データ!$A$2:$A$20000,$A7,元データ!$D$2:$D$20000,$C$3,元データ!$B$2:$B$20000,$C$4,元データ!$C$2:$C$20000,C$5) -> 1347241 | D7: =SUMIFS(INDEX(元データ!$E$2:$H$20000,0,MATCH($C$2,元データ!$E$1:$H$1,0)),元データ!$A$2:$A$20000,$A7,元データ!$D$2:$D$20000,$C$3,元データ!$B$2:$B$20000,$C$4,元データ!$C$2:$C$20000,D$5) -> 1377125 | E7: =SUMIFS(INDEX(元データ!$E$2:$H$20000,0,MATCH($C$2,元データ!$E$1:$H$1,0)),元データ!$A$2:$A$20000,$A7,元データ!$D$2:$D$20000,$C$3,元データ!$B$2:$B$20000,$C$4,元データ!$C$2:$C$20000,E$5) -> 1916787 | F7: =SUMIFS(INDEX(元データ!$E$2:$H$20000,0,MATCH($C$2,元データ!$E$1:$H$1,0)),元データ!$A$2:$A$20000,$A7,元データ!$D$2:$D$20000,$C$3,元データ!$B$2:$B$20000,$C$4,元データ!$C$2:$C$20000,F$5) -> 1778551 | G7: =SUMIFS(INDEX(元データ!$E$2:$H$20000,0,MATCH($C$2,元データ!$E$1:$H$1,0)),元データ!$A$2:$A$20000,$A7,元データ!$D$2:$D$20000,$C$3,元データ!$B$2:$B$20000,$C$4,元データ!$C$2:$C$20000,G$5) -> 1675687 | H7: =SUMIFS(INDEX(元データ!$E$2:$H$20000,0,MATCH($C$2,元データ!$E$1:$H$1,0)),元データ!$A$2:$A$20000,$A7,元データ!$D$2:$D$20000,$C$3,元データ!$B$2:$B$20000,$C$4,元データ!$C$2:$C$20000,H$5) -> 1048452 | I7: =SUMIFS(INDEX(元データ!$E$2:$H$20000,0,MATCH($C$2,元データ!$E$1:$H$1,0)),元データ!$A$2:$A$20000,$A7,元データ!$D$2:$D$20000,$C$3,元データ!$B$2:$B$20000,$C$4,元データ!$C$2:$C$20000,I$5) -> 966925 | J7: =SUMIFS(INDEX(元データ!$E$2:$H$20000,0,MATCH($C$2,元データ!$E$1:$H$1,0)),元データ!$A$2:$A$20000,$A7,元データ!$D$2:$D$20000,$C$3,元データ!$B$2:$B$20000,$C$4,元データ!$C$2:$C$20000,J$5) -> 2039609 | ... N7: =SUMIFS(INDEX(元データ!$E$2:$H$20000,0,MATCH($C$2,元データ!$E$1:$H$1,0)),元データ!$A$2:$A$20000,$A7,元データ!$D$2:$D$20000,$C$3,元データ!$B$2:$B$20000,$C$4,元データ!$C$2:$C$20000,N$5) -> 1514522 | O7: =SUM(C7:N7) -> 22078948 | P7: =SUMIFS(INDEX(元データ!$E$2:$H$20000,0,MATCH($C$2,元データ!$E$1:$H$1,0)),元データ!$A$2:$A$20000,$A7,元データ!$D$2:$D$20000,$C$3,元データ!$B$2:$B$20000,$P$4,元データ!$C$2:$C$20000,P$5) -> 1339195 | Q7: =SUMIFS(INDEX(元データ!$E$2:$H$20000,0,MATCH($C$2,元データ!$E$1:$H$1,0)),元データ!$A$2:$A$20000,$A7,元データ!$D$2:$D$20000,$C$3,元データ!$B$2:$B$20000,$P$4,元データ!$C$2:$C$20000,Q$5) -> 1346863 | R7: =SUMIFS(INDEX(元データ!$E$2:$H$20000,0,MATCH($C$2,元データ!$E$1:$H$1,0)),元データ!$A$2:$A$20000,$A7,元データ!$D$2:$D$20000,$C$3,元データ!$B$2:$B$20000,$P$4,元データ!$C$2:$C$20000,R$5) -> 1890120 | S7: =SUMIFS(INDEX(元データ!$E$2:$H$20000,0,MATCH($C$2,元データ!$E$1:$H$1,0)),元データ!$A$2:$A$20000,$A7,元データ!$D$2:$D$20000,$C$3,元データ!$B$2:$B$20000,$P$4,元データ!$C$2:$C$20000,S$5) -> 1651101 | T7: =SUMIFS(INDEX(元データ!$E$2:$H$20000,0,MATCH($C$2,元データ!$E$1:$H$1,0)),元データ!$A$2:$A$20000,$A7,元データ!$D$2:$D$20000,$C$3,元データ!$B$2:$B$20000,$P$4,元データ!$C$2:$C$20000,T$5) -> 2026432 | U7: =SUMIFS(INDEX(元データ!$E$2:$H$20000,0,MATCH($C$2,元データ!$E$1:$H$1,0)),元データ!$A$2:$A$20000,$A7,元データ!$D$2:$D$20000,$C$3,元データ!$B$2:$B$20000,$P$4,元データ!$C$2:$C$20000,U$5) -> 1110699 | V7: =SUMIFS(INDEX(元データ!$E$2:$H$20000,0,MATCH($C$2,元データ!$E$1:$H$1,0)),元データ!$A$2:$A$20000,$A7,元データ!$D$2:$D$20000,$C$3,元データ!$B$2:$B$20000,$P$4,元データ!$C$2:$C$20000,V$5) -> 1048670 | W7: =SUMIFS(INDEX(元データ!$E$2:$H$20000,0,MATCH($C$2,元データ!$E$1:$H$1,0)),元データ!$A$2:$A$20000,$A7,元データ!$D$2:$D$20000,$C$3,元データ!$B$2:$B$20000,$P$4,元データ!$C$2:$C$20000,W$5) -> 2504083 | ... AA7: =SUMIFS(INDEX(元データ!$E$2:$H$20000,0,MATCH($C$2,元データ!$E$1:$H$1,0)),元データ!$A$2:$A$20000,$A7,元データ!$D$2:$D$20000,$C$3,元データ!$B$2:$B$20000,$P$4,元データ!$C$2:$C$20000,AA$5) -> 1654677 | AB7: =SUM(P7:AA7) -> 23541322 | AC7: =IFERROR(C7/P7,"") -> 1.0060081 | AD7: =IFERROR(D7/Q7,"") -> 1.0224685 | AE7: =IFERROR(E7/R7,"") -> 1.0141086 | AF7: =IFERROR(F7/S7,"") -> 1.0771909 | AG7: =IFERROR(G7/T7,"") -> 0.82691499 | AH7: =IFERROR(H7/U7,"") -> 0.94395691 | AI7: =IFERROR(I7/V7,"") -> 0.92204888 | AJ7: =IFERROR(J7/W7,"") -> 0.81451334 | ... AO7: =IFERROR(O7/AB7,"") -> 0.93788055
A8: =店舗マスタ!A4 -> ｱｰｹｰﾄﾞ店 | C8: =SUMIFS(INDEX(元データ!$E$2:$H$20000,0,MATCH($C$2,元データ!$E$1:$H$1,0)),元データ!$A$2:$A$20000,$A8,元データ!$D$2:$D$20000,$C$3,元データ!$B$2:$B$20000,$C$4,元データ!$C$2:$C$20000,C$5) -> 710995 | D8: =SUMIFS(INDEX(元データ!$E$2:$H$20000,0,MATCH($C$2,元データ!$E$1:$H$1,0)),元データ!$A$2:$A$20000,$A8,元データ!$D$2:$D$20000,$C$3,元データ!$B$2:$B$20000,$C$4,元データ!$C$2:$C$20000,D$5) -> 706691 | E8: =SUMIFS(INDEX(元データ!$E$2:$H$20000,0,MATCH($C$2,元データ!$E$1:$H$1,0)),元データ!$A$2:$A$20000,$A8,元データ!$D$2:$D$20000,$C$3,元データ!$B$2:$B$20000,$C$4,元データ!$C$2:$C$20000,E$5) -> 1085550 | F8: =SUMIFS(INDEX(元データ!$E$2:$H$20000,0,MATCH($C$2,元データ!$E$1:$H$1,0)),元データ!$A$2:$A$20000,$A8,元データ!$D$2:$D$20000,$C$3,元データ!$B$2:$B$20000,$C$4,元データ!$C$2:$C$20000,F$5) -> 988474 | G8: =SUMIFS(INDEX(元データ!$E$2:$H$20000,0,MATCH($C$2,元データ!$E$1:$H$1,0)),元データ!$A$2:$A$20000,$A8,元データ!$D$2:$D$20000,$C$3,元データ!$B$2:$B$20000,$C$4,元データ!$C$2:$C$20000,G$5) -> 945471 | H8: =SUMIFS(INDEX(元データ!$E$2:$H$20000,0,MATCH($C$2,元データ!$E$1:$H$1,0)),元データ!$A$2:$A$20000,$A8,元データ!$D$2:$D$20000,$C$3,元データ!$B$2:$B$20000,$C$4,元データ!$C$2:$C$20000,H$5) -> 567187 | I8: =SUMIFS(INDEX(元データ!$E$2:$H$20000,0,MATCH($C$2,元データ!$E$1:$H$1,0)),元データ!$A$2:$A$20000,$A8,元データ!$D$2:$D$20000,$C$3,元データ!$B$2:$B$20000,$C$4,元データ!$C$2:$C$20000,I$5) -> 564938 | J8: =SUMIFS(INDEX(元データ!$E$2:$H$20000,0,MATCH($C$2,元データ!$E$1:$H$1,0)),元データ!$A$2:$A$20000,$A8,元データ!$D$2:$D$20000,$C$3,元データ!$B$2:$B$20000,$C$4,元データ!$C$2:$C$20000,J$5) -> 1056195 | ... N8: =SUMIFS(INDEX(元データ!$E$2:$H$20000,0,MATCH($C$2,元データ!$E$1:$H$1,0)),元データ!$A$2:$A$20000,$A8,元データ!$D$2:$D$20000,$C$3,元データ!$B$2:$B$20000,$C$4,元データ!$C$2:$C$20000,N$5) -> 0 | O8: =SUM(C8:N8) -> 10631918 | P8: =SUMIFS(INDEX(元データ!$E$2:$H$20000,0,MATCH($C$2,元データ!$E$1:$H$1,0)),元データ!$A$2:$A$20000,$A8,元データ!$D$2:$D$20000,$C$3,元データ!$B$2:$B$20000,$P$4,元データ!$C$2:$C$20000,P$5) -> 764391 | Q8: =SUMIFS(INDEX(元データ!$E$2:$H$20000,0,MATCH($C$2,元データ!$E$1:$H$1,0)),元データ!$A$2:$A$20000,$A8,元データ!$D$2:$D$20000,$C$3,元データ!$B$2:$B$20000,$P$4,元データ!$C$2:$C$20000,Q$5) -> 719935 | R8: =SUMIFS(INDEX(元データ!$E$2:$H$20000,0,MATCH($C$2,元データ!$E$1:$H$1,0)),元データ!$A$2:$A$20000,$A8,元データ!$D$2:$D$20000,$C$3,元データ!$B$2:$B$20000,$P$4,元データ!$C$2:$C$20000,R$5) -> 1166383 | S8: =SUMIFS(INDEX(元データ!$E$2:$H$20000,0,MATCH($C$2,元データ!$E$1:$H$1,0)),元データ!$A$2:$A$20000,$A8,元データ!$D$2:$D$20000,$C$3,元データ!$B$2:$B$20000,$P$4,元データ!$C$2:$C$20000,S$5) -> 961446 | T8: =SUMIFS(INDEX(元データ!$E$2:$H$20000,0,MATCH($C$2,元データ!$E$1:$H$1,0)),元データ!$A$2:$A$20000,$A8,元データ!$D$2:$D$20000,$C$3,元データ!$B$2:$B$20000,$P$4,元データ!$C$2:$C$20000,T$5) -> 1027404 | U8: =SUMIFS(INDEX(元データ!$E$2:$H$20000,0,MATCH($C$2,元データ!$E$1:$H$1,0)),元データ!$A$2:$A$20000,$A8,元データ!$D$2:$D$20000,$C$3,元データ!$B$2:$B$20000,$P$4,元データ!$C$2:$C$20000,U$5) -> 733675 | V8: =SUMIFS(INDEX(元データ!$E$2:$H$20000,0,MATCH($C$2,元データ!$E$1:$H$1,0)),元データ!$A$2:$A$20000,$A8,元データ!$D$2:$D$20000,$C$3,元データ!$B$2:$B$20000,$P$4,元データ!$C$2:$C$20000,V$5) -> 611862 | W8: =SUMIFS(INDEX(元データ!$E$2:$H$20000,0,MATCH($C$2,元データ!$E$1:$H$1,0)),元データ!$A$2:$A$20000,$A8,元データ!$D$2:$D$20000,$C$3,元データ!$B$2:$B$20000,$P$4,元データ!$C$2:$C$20000,W$5) -> 1335104 | ... AA8: =SUMIFS(INDEX(元データ!$E$2:$H$20000,0,MATCH($C$2,元データ!$E$1:$H$1,0)),元データ!$A$2:$A$20000,$A8,元データ!$D$2:$D$20000,$C$3,元データ!$B$2:$B$20000,$P$4,元データ!$C$2:$C$20000,AA$5) -> 0 | AB8: =SUM(P8:AA8) -> 11741841 | AC8: =IFERROR(C8/P8,"") -> 0.9301457 | AD8: =IFERROR(D8/Q8,"") -> 0.98160389 | AE8: =IFERROR(E8/R8,"") -> 0.93069772 | AF8: =IFERROR(F8/S8,"") -> 1.0281118 | AG8: =IFERROR(G8/T8,"") -> 0.9202524 | AH8: =IFERROR(H8/U8,"") -> 0.77307663 | AI8: =IFERROR(I8/V8,"") -> 0.9233095 | AJ8: =IFERROR(J8/W8,"") -> 0.79109567 | ... AO8: =IFERROR(O8/AB8,"") -> 0.90547283
A9: =店舗マスタ!A5 -> 東田中店 | C9: =SUMIFS(INDEX(元データ!$E$2:$H$20000,0,MATCH($C$2,元データ!$E$1:$H$1,0)),元データ!$A$2:$A$20000,$A9,元データ!$D$2:$D$20000,$C$3,元データ!$B$2:$B$20000,$C$4,元データ!$C$2:$C$20000,C$5) -> 1740060 | D9: =SUMIFS(INDEX(元データ!$E$2:$H$20000,0,MATCH($C$2,元データ!$E$1:$H$1,0)),元データ!$A$2:$A$20000,$A9,元データ!$D$2:$D$20000,$C$3,元データ!$B$2:$B$20000,$C$4,元データ!$C$2:$C$20000,D$5) -> 1903597 | E9: =SUMIFS(INDEX(元データ!$E$2:$H$20000,0,MATCH($C$2,元データ!$E$1:$H$1,0)),元データ!$A$2:$A$20000,$A9,元データ!$D$2:$D$20000,$C$3,元データ!$B$2:$B$20000,$C$4,元データ!$C$2:$C$20000,E$5) -> 2817035 | F9: =SUMIFS(INDEX(元データ!$E$2:$H$20000,0,MATCH($C$2,元データ!$E$1:$H$1,0)),元データ!$A$2:$A$20000,$A9,元データ!$D$2:$D$20000,$C$3,元データ!$B$2:$B$20000,$C$4,元データ!$C$2:$C$20000,F$5) -> 2158618 | G9: =SUMIFS(INDEX(元データ!$E$2:$H$20000,0,MATCH($C$2,元データ!$E$1:$H$1,0)),元データ!$A$2:$A$20000,$A9,元データ!$D$2:$D$20000,$C$3,元データ!$B$2:$B$20000,$C$4,元データ!$C$2:$C$20000,G$5) -> 2167750 | H9: =SUMIFS(INDEX(元データ!$E$2:$H$20000,0,MATCH($C$2,元データ!$E$1:$H$1,0)),元データ!$A$2:$A$20000,$A9,元データ!$D$2:$D$20000,$C$3,元データ!$B$2:$B$20000,$C$4,元データ!$C$2:$C$20000,H$5) -> 1428155 | I9: =SUMIFS(INDEX(元データ!$E$2:$H$20000,0,MATCH($C$2,元データ!$E$1:$H$1,0)),元データ!$A$2:$A$20000,$A9,元データ!$D$2:$D$20000,$C$3,元データ!$B$2:$B$20000,$C$4,元データ!$C$2:$C$20000,I$5) -> 1471113 | J9: =SUMIFS(INDEX(元データ!$E$2:$H$20000,0,MATCH($C$2,元データ!$E$1:$H$1,0)),元データ!$A$2:$A$20000,$A9,元データ!$D$2:$D$20000,$C$3,元データ!$B$2:$B$20000,$C$4,元データ!$C$2:$C$20000,J$5) -> 2685111 | ... N9: =SUMIFS(INDEX(元データ!$E$2:$H$20000,0,MATCH($C$2,元データ!$E$1:$H$1,0)),元データ!$A$2:$A$20000,$A9,元データ!$D$2:$D$20000,$C$3,元データ!$B$2:$B$20000,$C$4,元データ!$C$2:$C$20000,N$5) -> 2731393 | O9: =SUM(C9:N9) -> 29678537 | P9: =SUMIFS(INDEX(元データ!$E$2:$H$20000,0,MATCH($C$2,元データ!$E$1:$H$1,0)),元データ!$A$2:$A$20000,$A9,元データ!$D$2:$D$20000,$C$3,元データ!$B$2:$B$20000,$P$4,元データ!$C$2:$C$20000,P$5) -> 1800070 | Q9: =SUMIFS(INDEX(元データ!$E$2:$H$20000,0,MATCH($C$2,元データ!$E$1:$H$1,0)),元データ!$A$2:$A$20000,$A9,元データ!$D$2:$D$20000,$C$3,元データ!$B$2:$B$20000,$P$4,元データ!$C$2:$C$20000,Q$5) -> 1629373 | R9: =SUMIFS(INDEX(元データ!$E$2:$H$20000,0,MATCH($C$2,元データ!$E$1:$H$1,0)),元データ!$A$2:$A$20000,$A9,元データ!$D$2:$D$20000,$C$3,元データ!$B$2:$B$20000,$P$4,元データ!$C$2:$C$20000,R$5) -> 2464702 | S9: =SUMIFS(INDEX(元データ!$E$2:$H$20000,0,MATCH($C$2,元データ!$E$1:$H$1,0)),元データ!$A$2:$A$20000,$A9,元データ!$D$2:$D$20000,$C$3,元データ!$B$2:$B$20000,$P$4,元データ!$C$2:$C$20000,S$5) -> 2149893 | T9: =SUMIFS(INDEX(元データ!$E$2:$H$20000,0,MATCH($C$2,元データ!$E$1:$H$1,0)),元データ!$A$2:$A$20000,$A9,元データ!$D$2:$D$20000,$C$3,元データ!$B$2:$B$20000,$P$4,元データ!$C$2:$C$20000,T$5) -> 2174894 | U9: =SUMIFS(INDEX(元データ!$E$2:$H$20000,0,MATCH($C$2,元データ!$E$1:$H$1,0)),元データ!$A$2:$A$20000,$A9,元データ!$D$2:$D$20000,$C$3,元データ!$B$2:$B$20000,$P$4,元データ!$C$2:$C$20000,U$5) -> 1454711 | V9: =SUMIFS(INDEX(元データ!$E$2:$H$20000,0,MATCH($C$2,元データ!$E$1:$H$1,0)),元データ!$A$2:$A$20000,$A9,元データ!$D$2:$D$20000,$C$3,元データ!$B$2:$B$20000,$P$4,元データ!$C$2:$C$20000,V$5) -> 1335533 | W9: =SUMIFS(INDEX(元データ!$E$2:$H$20000,0,MATCH($C$2,元データ!$E$1:$H$1,0)),元データ!$A$2:$A$20000,$A9,元データ!$D$2:$D$20000,$C$3,元データ!$B$2:$B$20000,$P$4,元データ!$C$2:$C$20000,W$5) -> 3050456 | ... AA9: =SUMIFS(INDEX(元データ!$E$2:$H$20000,0,MATCH($C$2,元データ!$E$1:$H$1,0)),元データ!$A$2:$A$20000,$A9,元データ!$D$2:$D$20000,$C$3,元データ!$B$2:$B$20000,$P$4,元データ!$C$2:$C$20000,AA$5) -> 2301129 | AB9: =SUM(P9:AA9) -> 29011272 | AC9: =IFERROR(C9/P9,"") -> 0.96666241 | AD9: =IFERROR(D9/Q9,"") -> 1.1683003 | AE9: =IFERROR(E9/R9,"") -> 1.1429516 | AF9: =IFERROR(F9/S9,"") -> 1.0040583 | AG9: =IFERROR(G9/T9,"") -> 0.99671524 | AH9: =IFERROR(H9/U9,"") -> 0.98174483 | AI9: =IFERROR(I9/V9,"") -> 1.1015175 | AJ9: =IFERROR(J9/W9,"") -> 0.88023266 | ... AO9: =IFERROR(O9/AB9,"") -> 1.0230002
A10: =店舗マスタ!A6 -> 桜堤店 | C10: =SUMIFS(INDEX(元データ!$E$2:$H$20000,0,MATCH($C$2,元データ!$E$1:$H$1,0)),元データ!$A$2:$A$20000,$A10,元データ!$D$2:$D$20000,$C$3,元データ!$B$2:$B$20000,$C$4,元データ!$C$2:$C$20000,C$5) -> 1098993 | D10: =SUMIFS(INDEX(元データ!$E$2:$H$20000,0,MATCH($C$2,元データ!$E$1:$H$1,0)),元データ!$A$2:$A$20000,$A10,元データ!$D$2:$D$20000,$C$3,元データ!$B$2:$B$20000,$C$4,元データ!$C$2:$C$20000,D$5) -> 1121103 | E10: =SUMIFS(INDEX(元データ!$E$2:$H$20000,0,MATCH($C$2,元データ!$E$1:$H$1,0)),元データ!$A$2:$A$20000,$A10,元データ!$D$2:$D$20000,$C$3,元データ!$B$2:$B$20000,$C$4,元データ!$C$2:$C$20000,E$5) -> 1544784 | F10: =SUMIFS(INDEX(元データ!$E$2:$H$20000,0,MATCH($C$2,元データ!$E$1:$H$1,0)),元データ!$A$2:$A$20000,$A10,元データ!$D$2:$D$20000,$C$3,元データ!$B$2:$B$20000,$C$4,元データ!$C$2:$C$20000,F$5) -> 1415062 | G10: =SUMIFS(INDEX(元データ!$E$2:$H$20000,0,MATCH($C$2,元データ!$E$1:$H$1,0)),元データ!$A$2:$A$20000,$A10,元データ!$D$2:$D$20000,$C$3,元データ!$B$2:$B$20000,$C$4,元データ!$C$2:$C$20000,G$5) -> 1579598 | H10: =SUMIFS(INDEX(元データ!$E$2:$H$20000,0,MATCH($C$2,元データ!$E$1:$H$1,0)),元データ!$A$2:$A$20000,$A10,元データ!$D$2:$D$20000,$C$3,元データ!$B$2:$B$20000,$C$4,元データ!$C$2:$C$20000,H$5) -> 1079345 | I10: =SUMIFS(INDEX(元データ!$E$2:$H$20000,0,MATCH($C$2,元データ!$E$1:$H$1,0)),元データ!$A$2:$A$20000,$A10,元データ!$D$2:$D$20000,$C$3,元データ!$B$2:$B$20000,$C$4,元データ!$C$2:$C$20000,I$5) -> 1059155 | J10: =SUMIFS(INDEX(元データ!$E$2:$H$20000,0,MATCH($C$2,元データ!$E$1:$H$1,0)),元データ!$A$2:$A$20000,$A10,元データ!$D$2:$D$20000,$C$3,元データ!$B$2:$B$20000,$C$4,元データ!$C$2:$C$20000,J$5) -> 2088429 | ... N10: =SUMIFS(INDEX(元データ!$E$2:$H$20000,0,MATCH($C$2,元データ!$E$1:$H$1,0)),元データ!$A$2:$A$20000,$A10,元データ!$D$2:$D$20000,$C$3,元データ!$B$2:$B$20000,$C$4,元データ!$C$2:$C$20000,N$5) -> 1589927 | O10: =SUM(C10:N10) -> 20720634 | P10: =SUMIFS(INDEX(元データ!$E$2:$H$20000,0,MATCH($C$2,元データ!$E$1:$H$1,0)),元データ!$A$2:$A$20000,$A10,元データ!$D$2:$D$20000,$C$3,元データ!$B$2:$B$20000,$P$4,元データ!$C$2:$C$20000,P$5) -> 1011666 | Q10: =SUMIFS(INDEX(元データ!$E$2:$H$20000,0,MATCH($C$2,元データ!$E$1:$H$1,0)),元データ!$A$2:$A$20000,$A10,元データ!$D$2:$D$20000,$C$3,元データ!$B$2:$B$20000,$P$4,元データ!$C$2:$C$20000,Q$5) -> 1084473 | R10: =SUMIFS(INDEX(元データ!$E$2:$H$20000,0,MATCH($C$2,元データ!$E$1:$H$1,0)),元データ!$A$2:$A$20000,$A10,元データ!$D$2:$D$20000,$C$3,元データ!$B$2:$B$20000,$P$4,元データ!$C$2:$C$20000,R$5) -> 1746860 | S10: =SUMIFS(INDEX(元データ!$E$2:$H$20000,0,MATCH($C$2,元データ!$E$1:$H$1,0)),元データ!$A$2:$A$20000,$A10,元データ!$D$2:$D$20000,$C$3,元データ!$B$2:$B$20000,$P$4,元データ!$C$2:$C$20000,S$5) -> 1283244 | T10: =SUMIFS(INDEX(元データ!$E$2:$H$20000,0,MATCH($C$2,元データ!$E$1:$H$1,0)),元データ!$A$2:$A$20000,$A10,元データ!$D$2:$D$20000,$C$3,元データ!$B$2:$B$20000,$P$4,元データ!$C$2:$C$20000,T$5) -> 1546516 | U10: =SUMIFS(INDEX(元データ!$E$2:$H$20000,0,MATCH($C$2,元データ!$E$1:$H$1,0)),元データ!$A$2:$A$20000,$A10,元データ!$D$2:$D$20000,$C$3,元データ!$B$2:$B$20000,$P$4,元データ!$C$2:$C$20000,U$5) -> 1047121 | V10: =SUMIFS(INDEX(元データ!$E$2:$H$20000,0,MATCH($C$2,元データ!$E$1:$H$1,0)),元データ!$A$2:$A$20000,$A10,元データ!$D$2:$D$20000,$C$3,元データ!$B$2:$B$20000,$P$4,元データ!$C$2:$C$20000,V$5) -> 836571 | W10: =SUMIFS(INDEX(元データ!$E$2:$H$20000,0,MATCH($C$2,元データ!$E$1:$H$1,0)),元データ!$A$2:$A$20000,$A10,元データ!$D$2:$D$20000,$C$3,元データ!$B$2:$B$20000,$P$4,元データ!$C$2:$C$20000,W$5) -> 2230220 | ... AA10: =SUMIFS(INDEX(元データ!$E$2:$H$20000,0,MATCH($C$2,元データ!$E$1:$H$1,0)),元データ!$A$2:$A$20000,$A10,元データ!$D$2:$D$20000,$C$3,元データ!$B$2:$B$20000,$P$4,元データ!$C$2:$C$20000,AA$5) -> 2509100 | AB10: =SUM(P10:AA10) -> 21369896 | AC10: =IFERROR(C10/P10,"") -> 1.08632 | AD10: =IFERROR(D10/Q10,"") -> 1.0337768 | AE10: =IFERROR(E10/R10,"") -> 0.88432044 | AF10: =IFERROR(F10/S10,"") -> 1.1027225 | AG10: =IFERROR(G10/T10,"") -> 1.0213913 | AH10: =IFERROR(H10/U10,"") -> 1.0307739 | AI10: =IFERROR(I10/V10,"") -> 1.2660671 | AJ10: =IFERROR(J10/W10,"") -> 0.93642286 | ... AO10: =IFERROR(O10/AB10,"") -> 0.96961791
A11: =店舗マスタ!A7 -> 香貫店 | C11: =SUMIFS(INDEX(元データ!$E$2:$H$20000,0,MATCH($C$2,元データ!$E$1:$H$1,0)),元データ!$A$2:$A$20000,$A11,元データ!$D$2:$D$20000,$C$3,元データ!$B$2:$B$20000,$C$4,元データ!$C$2:$C$20000,C$5) -> 1413894 | D11: =SUMIFS(INDEX(元データ!$E$2:$H$20000,0,MATCH($C$2,元データ!$E$1:$H$1,0)),元データ!$A$2:$A$20000,$A11,元データ!$D$2:$D$20000,$C$3,元データ!$B$2:$B$20000,$C$4,元データ!$C$2:$C$20000,D$5) -> 1250107 | E11: =SUMIFS(INDEX(元データ!$E$2:$H$20000,0,MATCH($C$2,元データ!$E$1:$H$1,0)),元データ!$A$2:$A$20000,$A11,元データ!$D$2:$D$20000,$C$3,元データ!$B$2:$B$20000,$C$4,元データ!$C$2:$C$20000,E$5) -> 1814455 | F11: =SUMIFS(INDEX(元データ!$E$2:$H$20000,0,MATCH($C$2,元データ!$E$1:$H$1,0)),元データ!$A$2:$A$20000,$A11,元データ!$D$2:$D$20000,$C$3,元データ!$B$2:$B$20000,$C$4,元データ!$C$2:$C$20000,F$5) -> 1794355 | G11: =SUMIFS(INDEX(元データ!$E$2:$H$20000,0,MATCH($C$2,元データ!$E$1:$H$1,0)),元データ!$A$2:$A$20000,$A11,元データ!$D$2:$D$20000,$C$3,元データ!$B$2:$B$20000,$C$4,元データ!$C$2:$C$20000,G$5) -> 1716904 | H11: =SUMIFS(INDEX(元データ!$E$2:$H$20000,0,MATCH($C$2,元データ!$E$1:$H$1,0)),元データ!$A$2:$A$20000,$A11,元データ!$D$2:$D$20000,$C$3,元データ!$B$2:$B$20000,$C$4,元データ!$C$2:$C$20000,H$5) -> 1227030 | I11: =SUMIFS(INDEX(元データ!$E$2:$H$20000,0,MATCH($C$2,元データ!$E$1:$H$1,0)),元データ!$A$2:$A$20000,$A11,元データ!$D$2:$D$20000,$C$3,元データ!$B$2:$B$20000,$C$4,元データ!$C$2:$C$20000,I$5) -> 1004975 | J11: =SUMIFS(INDEX(元データ!$E$2:$H$20000,0,MATCH($C$2,元データ!$E$1:$H$1,0)),元データ!$A$2:$A$20000,$A11,元データ!$D$2:$D$20000,$C$3,元データ!$B$2:$B$20000,$C$4,元データ!$C$2:$C$20000,J$5) -> 1817093 | ... N11: =SUMIFS(INDEX(元データ!$E$2:$H$20000,0,MATCH($C$2,元データ!$E$1:$H$1,0)),元データ!$A$2:$A$20000,$A11,元データ!$D$2:$D$20000,$C$3,元データ!$B$2:$B$20000,$C$4,元データ!$C$2:$C$20000,N$5) -> 2220375 | O11: =SUM(C11:N11) -> 22165952 | P11: =SUMIFS(INDEX(元データ!$E$2:$H$20000,0,MATCH($C$2,元データ!$E$1:$H$1,0)),元データ!$A$2:$A$20000,$A11,元データ!$D$2:$D$20000,$C$3,元データ!$B$2:$B$20000,$P$4,元データ!$C$2:$C$20000,P$5) -> 1186553 | Q11: =SUMIFS(INDEX(元データ!$E$2:$H$20000,0,MATCH($C$2,元データ!$E$1:$H$1,0)),元データ!$A$2:$A$20000,$A11,元データ!$D$2:$D$20000,$C$3,元データ!$B$2:$B$20000,$P$4,元データ!$C$2:$C$20000,Q$5) -> 1121191 | R11: =SUMIFS(INDEX(元データ!$E$2:$H$20000,0,MATCH($C$2,元データ!$E$1:$H$1,0)),元データ!$A$2:$A$20000,$A11,元データ!$D$2:$D$20000,$C$3,元データ!$B$2:$B$20000,$P$4,元データ!$C$2:$C$20000,R$5) -> 1928810 | S11: =SUMIFS(INDEX(元データ!$E$2:$H$20000,0,MATCH($C$2,元データ!$E$1:$H$1,0)),元データ!$A$2:$A$20000,$A11,元データ!$D$2:$D$20000,$C$3,元データ!$B$2:$B$20000,$P$4,元データ!$C$2:$C$20000,S$5) -> 1609527 | T11: =SUMIFS(INDEX(元データ!$E$2:$H$20000,0,MATCH($C$2,元データ!$E$1:$H$1,0)),元データ!$A$2:$A$20000,$A11,元データ!$D$2:$D$20000,$C$3,元データ!$B$2:$B$20000,$P$4,元データ!$C$2:$C$20000,T$5) -> 1649775 | U11: =SUMIFS(INDEX(元データ!$E$2:$H$20000,0,MATCH($C$2,元データ!$E$1:$H$1,0)),元データ!$A$2:$A$20000,$A11,元データ!$D$2:$D$20000,$C$3,元データ!$B$2:$B$20000,$P$4,元データ!$C$2:$C$20000,U$5) -> 1150922 | V11: =SUMIFS(INDEX(元データ!$E$2:$H$20000,0,MATCH($C$2,元データ!$E$1:$H$1,0)),元データ!$A$2:$A$20000,$A11,元データ!$D$2:$D$20000,$C$3,元データ!$B$2:$B$20000,$P$4,元データ!$C$2:$C$20000,V$5) -> 1142407 | W11: =SUMIFS(INDEX(元データ!$E$2:$H$20000,0,MATCH($C$2,元データ!$E$1:$H$1,0)),元データ!$A$2:$A$20000,$A11,元データ!$D$2:$D$20000,$C$3,元データ!$B$2:$B$20000,$P$4,元データ!$C$2:$C$20000,W$5) -> 2333385 | ... AA11: =SUMIFS(INDEX(元データ!$E$2:$H$20000,0,MATCH($C$2,元データ!$E$1:$H$1,0)),元データ!$A$2:$A$20000,$A11,元データ!$D$2:$D$20000,$C$3,元データ!$B$2:$B$20000,$P$4,元データ!$C$2:$C$20000,AA$5) -> 1610531 | AB11: =SUM(P11:AA11) -> 21519845 | AC11: =IFERROR(C11/P11,"") -> 1.1915978 | AD11: =IFERROR(D11/Q11,"") -> 1.1149813 | AE11: =IFERROR(E11/R11,"") -> 0.94071215 | AF11: =IFERROR(F11/S11,"") -> 1.1148337 | AG11: =IFERROR(G11/T11,"") -> 1.0406898 | AH11: =IFERROR(H11/U11,"") -> 1.0661279 | AI11: =IFERROR(I11/V11,"") -> 0.87969962 | AJ11: =IFERROR(J11/W11,"") -> 0.7787369 | ... AO11: =IFERROR(O11/AB11,"") -> 1.0300238
A12: =店舗マスタ!A8 -> 学園通り店 | C12: =SUMIFS(INDEX(元データ!$E$2:$H$20000,0,MATCH($C$2,元データ!$E$1:$H$1,0)),元データ!$A$2:$A$20000,$A12,元データ!$D$2:$D$20000,$C$3,元データ!$B$2:$B$20000,$C$4,元データ!$C$2:$C$20000,C$5) -> 1480843 | D12: =SUMIFS(INDEX(元データ!$E$2:$H$20000,0,MATCH($C$2,元データ!$E$1:$H$1,0)),元データ!$A$2:$A$20000,$A12,元データ!$D$2:$D$20000,$C$3,元データ!$B$2:$B$20000,$C$4,元データ!$C$2:$C$20000,D$5) -> 1395472 | E12: =SUMIFS(INDEX(元データ!$E$2:$H$20000,0,MATCH($C$2,元データ!$E$1:$H$1,0)),元データ!$A$2:$A$20000,$A12,元データ!$D$2:$D$20000,$C$3,元データ!$B$2:$B$20000,$C$4,元データ!$C$2:$C$20000,E$5) -> 1991330 | F12: =SUMIFS(INDEX(元データ!$E$2:$H$20000,0,MATCH($C$2,元データ!$E$1:$H$1,0)),元データ!$A$2:$A$20000,$A12,元データ!$D$2:$D$20000,$C$3,元データ!$B$2:$B$20000,$C$4,元データ!$C$2:$C$20000,F$5) -> 1960427 | G12: =SUMIFS(INDEX(元データ!$E$2:$H$20000,0,MATCH($C$2,元データ!$E$1:$H$1,0)),元データ!$A$2:$A$20000,$A12,元データ!$D$2:$D$20000,$C$3,元データ!$B$2:$B$20000,$C$4,元データ!$C$2:$C$20000,G$5) -> 2003125 | H12: =SUMIFS(INDEX(元データ!$E$2:$H$20000,0,MATCH($C$2,元データ!$E$1:$H$1,0)),元データ!$A$2:$A$20000,$A12,元データ!$D$2:$D$20000,$C$3,元データ!$B$2:$B$20000,$C$4,元データ!$C$2:$C$20000,H$5) -> 1369602 | I12: =SUMIFS(INDEX(元データ!$E$2:$H$20000,0,MATCH($C$2,元データ!$E$1:$H$1,0)),元データ!$A$2:$A$20000,$A12,元データ!$D$2:$D$20000,$C$3,元データ!$B$2:$B$20000,$C$4,元データ!$C$2:$C$20000,I$5) -> 1378807 | J12: =SUMIFS(INDEX(元データ!$E$2:$H$20000,0,MATCH($C$2,元データ!$E$1:$H$1,0)),元データ!$A$2:$A$20000,$A12,元データ!$D$2:$D$20000,$C$3,元データ!$B$2:$B$20000,$C$4,元データ!$C$2:$C$20000,J$5) -> 2101540 | ... N12: =SUMIFS(INDEX(元データ!$E$2:$H$20000,0,MATCH($C$2,元データ!$E$1:$H$1,0)),元データ!$A$2:$A$20000,$A12,元データ!$D$2:$D$20000,$C$3,元データ!$B$2:$B$20000,$C$4,元データ!$C$2:$C$20000,N$5) -> 1697291 | O12: =SUM(C12:N12) -> 23811257 | P12: =SUMIFS(INDEX(元データ!$E$2:$H$20000,0,MATCH($C$2,元データ!$E$1:$H$1,0)),元データ!$A$2:$A$20000,$A12,元データ!$D$2:$D$20000,$C$3,元データ!$B$2:$B$20000,$P$4,元データ!$C$2:$C$20000,P$5) -> 1556088 | Q12: =SUMIFS(INDEX(元データ!$E$2:$H$20000,0,MATCH($C$2,元データ!$E$1:$H$1,0)),元データ!$A$2:$A$20000,$A12,元データ!$D$2:$D$20000,$C$3,元データ!$B$2:$B$20000,$P$4,元データ!$C$2:$C$20000,Q$5) -> 1302395 | R12: =SUMIFS(INDEX(元データ!$E$2:$H$20000,0,MATCH($C$2,元データ!$E$1:$H$1,0)),元データ!$A$2:$A$20000,$A12,元データ!$D$2:$D$20000,$C$3,元データ!$B$2:$B$20000,$P$4,元データ!$C$2:$C$20000,R$5) -> 2091313 | S12: =SUMIFS(INDEX(元データ!$E$2:$H$20000,0,MATCH($C$2,元データ!$E$1:$H$1,0)),元データ!$A$2:$A$20000,$A12,元データ!$D$2:$D$20000,$C$3,元データ!$B$2:$B$20000,$P$4,元データ!$C$2:$C$20000,S$5) -> 1728666 | T12: =SUMIFS(INDEX(元データ!$E$2:$H$20000,0,MATCH($C$2,元データ!$E$1:$H$1,0)),元データ!$A$2:$A$20000,$A12,元データ!$D$2:$D$20000,$C$3,元データ!$B$2:$B$20000,$P$4,元データ!$C$2:$C$20000,T$5) -> 1740174 | U12: =SUMIFS(INDEX(元データ!$E$2:$H$20000,0,MATCH($C$2,元データ!$E$1:$H$1,0)),元データ!$A$2:$A$20000,$A12,元データ!$D$2:$D$20000,$C$3,元データ!$B$2:$B$20000,$P$4,元データ!$C$2:$C$20000,U$5) -> 1186756 | V12: =SUMIFS(INDEX(元データ!$E$2:$H$20000,0,MATCH($C$2,元データ!$E$1:$H$1,0)),元データ!$A$2:$A$20000,$A12,元データ!$D$2:$D$20000,$C$3,元データ!$B$2:$B$20000,$P$4,元データ!$C$2:$C$20000,V$5) -> 1179738 | W12: =SUMIFS(INDEX(元データ!$E$2:$H$20000,0,MATCH($C$2,元データ!$E$1:$H$1,0)),元データ!$A$2:$A$20000,$A12,元データ!$D$2:$D$20000,$C$3,元データ!$B$2:$B$20000,$P$4,元データ!$C$2:$C$20000,W$5) -> 2572529 | ... AA12: =SUMIFS(INDEX(元データ!$E$2:$H$20000,0,MATCH($C$2,元データ!$E$1:$H$1,0)),元データ!$A$2:$A$20000,$A12,元データ!$D$2:$D$20000,$C$3,元データ!$B$2:$B$20000,$P$4,元データ!$C$2:$C$20000,AA$5) -> 1657353 | AB12: =SUM(P12:AA12) -> 23736088 | AC12: =IFERROR(C12/P12,"") -> 0.95164477 | AD12: =IFERROR(D12/Q12,"") -> 1.071466 | AE12: =IFERROR(E12/R12,"") -> 0.95219128 | AF12: =IFERROR(F12/S12,"") -> 1.1340693 | AG12: =IFERROR(G12/T12,"") -> 1.1511062 | AH12: =IFERROR(H12/U12,"") -> 1.1540721 | AI12: =IFERROR(I12/V12,"") -> 1.16874 | AJ12: =IFERROR(J12/W12,"") -> 0.81691596 | ... AO12: =IFERROR(O12/AB12,"") -> 1.0031669
A13: =店舗マスタ!A9 -> 伏見店 | C13: =SUMIFS(INDEX(元データ!$E$2:$H$20000,0,MATCH($C$2,元データ!$E$1:$H$1,0)),元データ!$A$2:$A$20000,$A13,元データ!$D$2:$D$20000,$C$3,元データ!$B$2:$B$20000,$C$4,元データ!$C$2:$C$20000,C$5) -> 713186 | D13: =SUMIFS(INDEX(元データ!$E$2:$H$20000,0,MATCH($C$2,元データ!$E$1:$H$1,0)),元データ!$A$2:$A$20000,$A13,元データ!$D$2:$D$20000,$C$3,元データ!$B$2:$B$20000,$C$4,元データ!$C$2:$C$20000,D$5) -> 748920 | E13: =SUMIFS(INDEX(元データ!$E$2:$H$20000,0,MATCH($C$2,元データ!$E$1:$H$1,0)),元データ!$A$2:$A$20000,$A13,元データ!$D$2:$D$20000,$C$3,元データ!$B$2:$B$20000,$C$4,元データ!$C$2:$C$20000,E$5) -> 1031058 | F13: =SUMIFS(INDEX(元データ!$E$2:$H$20000,0,MATCH($C$2,元データ!$E$1:$H$1,0)),元データ!$A$2:$A$20000,$A13,元データ!$D$2:$D$20000,$C$3,元データ!$B$2:$B$20000,$C$4,元データ!$C$2:$C$20000,F$5) -> 855276 | G13: =SUMIFS(INDEX(元データ!$E$2:$H$20000,0,MATCH($C$2,元データ!$E$1:$H$1,0)),元データ!$A$2:$A$20000,$A13,元データ!$D$2:$D$20000,$C$3,元データ!$B$2:$B$20000,$C$4,元データ!$C$2:$C$20000,G$5) -> 926945 | H13: =SUMIFS(INDEX(元データ!$E$2:$H$20000,0,MATCH($C$2,元データ!$E$1:$H$1,0)),元データ!$A$2:$A$20000,$A13,元データ!$D$2:$D$20000,$C$3,元データ!$B$2:$B$20000,$C$4,元データ!$C$2:$C$20000,H$5) -> 654195 | I13: =SUMIFS(INDEX(元データ!$E$2:$H$20000,0,MATCH($C$2,元データ!$E$1:$H$1,0)),元データ!$A$2:$A$20000,$A13,元データ!$D$2:$D$20000,$C$3,元データ!$B$2:$B$20000,$C$4,元データ!$C$2:$C$20000,I$5) -> 621110 | J13: =SUMIFS(INDEX(元データ!$E$2:$H$20000,0,MATCH($C$2,元データ!$E$1:$H$1,0)),元データ!$A$2:$A$20000,$A13,元データ!$D$2:$D$20000,$C$3,元データ!$B$2:$B$20000,$C$4,元データ!$C$2:$C$20000,J$5) -> 1196174 | ... N13: =SUMIFS(INDEX(元データ!$E$2:$H$20000,0,MATCH($C$2,元データ!$E$1:$H$1,0)),元データ!$A$2:$A$20000,$A13,元データ!$D$2:$D$20000,$C$3,元データ!$B$2:$B$20000,$C$4,元データ!$C$2:$C$20000,N$5) -> 0 | O13: =SUM(C13:N13) -> 10106931 | P13: =SUMIFS(INDEX(元データ!$E$2:$H$20000,0,MATCH($C$2,元データ!$E$1:$H$1,0)),元データ!$A$2:$A$20000,$A13,元データ!$D$2:$D$20000,$C$3,元データ!$B$2:$B$20000,$P$4,元データ!$C$2:$C$20000,P$5) -> 774827 | Q13: =SUMIFS(INDEX(元データ!$E$2:$H$20000,0,MATCH($C$2,元データ!$E$1:$H$1,0)),元データ!$A$2:$A$20000,$A13,元データ!$D$2:$D$20000,$C$3,元データ!$B$2:$B$20000,$P$4,元データ!$C$2:$C$20000,Q$5) -> 651160 | R13: =SUMIFS(INDEX(元データ!$E$2:$H$20000,0,MATCH($C$2,元データ!$E$1:$H$1,0)),元データ!$A$2:$A$20000,$A13,元データ!$D$2:$D$20000,$C$3,元データ!$B$2:$B$20000,$P$4,元データ!$C$2:$C$20000,R$5) -> 1101147 | S13: =SUMIFS(INDEX(元データ!$E$2:$H$20000,0,MATCH($C$2,元データ!$E$1:$H$1,0)),元データ!$A$2:$A$20000,$A13,元データ!$D$2:$D$20000,$C$3,元データ!$B$2:$B$20000,$P$4,元データ!$C$2:$C$20000,S$5) -> 880574 | T13: =SUMIFS(INDEX(元データ!$E$2:$H$20000,0,MATCH($C$2,元データ!$E$1:$H$1,0)),元データ!$A$2:$A$20000,$A13,元データ!$D$2:$D$20000,$C$3,元データ!$B$2:$B$20000,$P$4,元データ!$C$2:$C$20000,T$5) -> 952961 | U13: =SUMIFS(INDEX(元データ!$E$2:$H$20000,0,MATCH($C$2,元データ!$E$1:$H$1,0)),元データ!$A$2:$A$20000,$A13,元データ!$D$2:$D$20000,$C$3,元データ!$B$2:$B$20000,$P$4,元データ!$C$2:$C$20000,U$5) -> 641546 | V13: =SUMIFS(INDEX(元データ!$E$2:$H$20000,0,MATCH($C$2,元データ!$E$1:$H$1,0)),元データ!$A$2:$A$20000,$A13,元データ!$D$2:$D$20000,$C$3,元データ!$B$2:$B$20000,$P$4,元データ!$C$2:$C$20000,V$5) -> 600487 | W13: =SUMIFS(INDEX(元データ!$E$2:$H$20000,0,MATCH($C$2,元データ!$E$1:$H$1,0)),元データ!$A$2:$A$20000,$A13,元データ!$D$2:$D$20000,$C$3,元データ!$B$2:$B$20000,$P$4,元データ!$C$2:$C$20000,W$5) -> 1366007 | ... AA13: =SUMIFS(INDEX(元データ!$E$2:$H$20000,0,MATCH($C$2,元データ!$E$1:$H$1,0)),元データ!$A$2:$A$20000,$A13,元データ!$D$2:$D$20000,$C$3,元データ!$B$2:$B$20000,$P$4,元データ!$C$2:$C$20000,AA$5) -> 0 | AB13: =SUM(P13:AA13) -> 10295621 | AC13: =IFERROR(C13/P13,"") -> 0.92044547 | AD13: =IFERROR(D13/Q13,"") -> 1.1501321 | AE13: =IFERROR(E13/R13,"") -> 0.9363491 | AF13: =IFERROR(F13/S13,"") -> 0.97127101 | AG13: =IFERROR(G13/T13,"") -> 0.97269983 | AH13: =IFERROR(H13/U13,"") -> 1.0197164 | AI13: =IFERROR(I13/V13,"") -> 1.0343438 | AJ13: =IFERROR(J13/W13,"") -> 0.87567194 | ... AO13: =IFERROR(O13/AB13,"") -> 0.98167279
A14: =店舗マスタ!A10 -> 原里店 | C14: =SUMIFS(INDEX(元データ!$E$2:$H$20000,0,MATCH($C$2,元データ!$E$1:$H$1,0)),元データ!$A$2:$A$20000,$A14,元データ!$D$2:$D$20000,$C$3,元データ!$B$2:$B$20000,$C$4,元データ!$C$2:$C$20000,C$5) -> 1243436 | D14: =SUMIFS(INDEX(元データ!$E$2:$H$20000,0,MATCH($C$2,元データ!$E$1:$H$1,0)),元データ!$A$2:$A$20000,$A14,元データ!$D$2:$D$20000,$C$3,元データ!$B$2:$B$20000,$C$4,元データ!$C$2:$C$20000,D$5) -> 1250265 | E14: =SUMIFS(INDEX(元データ!$E$2:$H$20000,0,MATCH($C$2,元データ!$E$1:$H$1,0)),元データ!$A$2:$A$20000,$A14,元データ!$D$2:$D$20000,$C$3,元データ!$B$2:$B$20000,$C$4,元データ!$C$2:$C$20000,E$5) -> 1728575 | F14: =SUMIFS(INDEX(元データ!$E$2:$H$20000,0,MATCH($C$2,元データ!$E$1:$H$1,0)),元データ!$A$2:$A$20000,$A14,元データ!$D$2:$D$20000,$C$3,元データ!$B$2:$B$20000,$C$4,元データ!$C$2:$C$20000,F$5) -> 1170503 | G14: =SUMIFS(INDEX(元データ!$E$2:$H$20000,0,MATCH($C$2,元データ!$E$1:$H$1,0)),元データ!$A$2:$A$20000,$A14,元データ!$D$2:$D$20000,$C$3,元データ!$B$2:$B$20000,$C$4,元データ!$C$2:$C$20000,G$5) -> 1331350 | H14: =SUMIFS(INDEX(元データ!$E$2:$H$20000,0,MATCH($C$2,元データ!$E$1:$H$1,0)),元データ!$A$2:$A$20000,$A14,元データ!$D$2:$D$20000,$C$3,元データ!$B$2:$B$20000,$C$4,元データ!$C$2:$C$20000,H$5) -> 1101408 | I14: =SUMIFS(INDEX(元データ!$E$2:$H$20000,0,MATCH($C$2,元データ!$E$1:$H$1,0)),元データ!$A$2:$A$20000,$A14,元データ!$D$2:$D$20000,$C$3,元データ!$B$2:$B$20000,$C$4,元データ!$C$2:$C$20000,I$5) -> 1003947 | J14: =SUMIFS(INDEX(元データ!$E$2:$H$20000,0,MATCH($C$2,元データ!$E$1:$H$1,0)),元データ!$A$2:$A$20000,$A14,元データ!$D$2:$D$20000,$C$3,元データ!$B$2:$B$20000,$C$4,元データ!$C$2:$C$20000,J$5) -> 1604434 | ... N14: =SUMIFS(INDEX(元データ!$E$2:$H$20000,0,MATCH($C$2,元データ!$E$1:$H$1,0)),元データ!$A$2:$A$20000,$A14,元データ!$D$2:$D$20000,$C$3,元データ!$B$2:$B$20000,$C$4,元データ!$C$2:$C$20000,N$5) -> 1848514 | O14: =SUM(C14:N14) -> 18153089 | P14: =SUMIFS(INDEX(元データ!$E$2:$H$20000,0,MATCH($C$2,元データ!$E$1:$H$1,0)),元データ!$A$2:$A$20000,$A14,元データ!$D$2:$D$20000,$C$3,元データ!$B$2:$B$20000,$P$4,元データ!$C$2:$C$20000,P$5) -> 1241919 | Q14: =SUMIFS(INDEX(元データ!$E$2:$H$20000,0,MATCH($C$2,元データ!$E$1:$H$1,0)),元データ!$A$2:$A$20000,$A14,元データ!$D$2:$D$20000,$C$3,元データ!$B$2:$B$20000,$P$4,元データ!$C$2:$C$20000,Q$5) -> 1121488 | R14: =SUMIFS(INDEX(元データ!$E$2:$H$20000,0,MATCH($C$2,元データ!$E$1:$H$1,0)),元データ!$A$2:$A$20000,$A14,元データ!$D$2:$D$20000,$C$3,元データ!$B$2:$B$20000,$P$4,元データ!$C$2:$C$20000,R$5) -> 1622400 | S14: =SUMIFS(INDEX(元データ!$E$2:$H$20000,0,MATCH($C$2,元データ!$E$1:$H$1,0)),元データ!$A$2:$A$20000,$A14,元データ!$D$2:$D$20000,$C$3,元データ!$B$2:$B$20000,$P$4,元データ!$C$2:$C$20000,S$5) -> 1283231 | T14: =SUMIFS(INDEX(元データ!$E$2:$H$20000,0,MATCH($C$2,元データ!$E$1:$H$1,0)),元データ!$A$2:$A$20000,$A14,元データ!$D$2:$D$20000,$C$3,元データ!$B$2:$B$20000,$P$4,元データ!$C$2:$C$20000,T$5) -> 1331220 | U14: =SUMIFS(INDEX(元データ!$E$2:$H$20000,0,MATCH($C$2,元データ!$E$1:$H$1,0)),元データ!$A$2:$A$20000,$A14,元データ!$D$2:$D$20000,$C$3,元データ!$B$2:$B$20000,$P$4,元データ!$C$2:$C$20000,U$5) -> 1019920 | V14: =SUMIFS(INDEX(元データ!$E$2:$H$20000,0,MATCH($C$2,元データ!$E$1:$H$1,0)),元データ!$A$2:$A$20000,$A14,元データ!$D$2:$D$20000,$C$3,元データ!$B$2:$B$20000,$P$4,元データ!$C$2:$C$20000,V$5) -> 879301 | W14: =SUMIFS(INDEX(元データ!$E$2:$H$20000,0,MATCH($C$2,元データ!$E$1:$H$1,0)),元データ!$A$2:$A$20000,$A14,元データ!$D$2:$D$20000,$C$3,元データ!$B$2:$B$20000,$P$4,元データ!$C$2:$C$20000,W$5) -> 1968439 | ... AA14: =SUMIFS(INDEX(元データ!$E$2:$H$20000,0,MATCH($C$2,元データ!$E$1:$H$1,0)),元データ!$A$2:$A$20000,$A14,元データ!$D$2:$D$20000,$C$3,元データ!$B$2:$B$20000,$P$4,元データ!$C$2:$C$20000,AA$5) -> 1674765 | AB14: =SUM(P14:AA14) -> 18358394 | AC14: =IFERROR(C14/P14,"") -> 1.0012215 | AD14: =IFERROR(D14/Q14,"") -> 1.1148269 | AE14: =IFERROR(E14/R14,"") -> 1.0654432 | AF14: =IFERROR(F14/S14,"") -> 0.912153 | AG14: =IFERROR(G14/T14,"") -> 1.0000977 | AH14: =IFERROR(H14/U14,"") -> 1.0798965 | AI14: =IFERROR(I14/V14,"") -> 1.1417558 | AJ14: =IFERROR(J14/W14,"") -> 0.81507936 | ... AO14: =IFERROR(O14/AB14,"") -> 0.98881683
A15: =店舗マスタ!A11 -> 岡の宮店 | C15: =SUMIFS(INDEX(元データ!$E$2:$H$20000,0,MATCH($C$2,元データ!$E$1:$H$1,0)),元データ!$A$2:$A$20000,$A15,元データ!$D$2:$D$20000,$C$3,元データ!$B$2:$B$20000,$C$4,元データ!$C$2:$C$20000,C$5) -> 1693532 | D15: =SUMIFS(INDEX(元データ!$E$2:$H$20000,0,MATCH($C$2,元データ!$E$1:$H$1,0)),元データ!$A$2:$A$20000,$A15,元データ!$D$2:$D$20000,$C$3,元データ!$B$2:$B$20000,$C$4,元データ!$C$2:$C$20000,D$5) -> 1567312 | E15: =SUMIFS(INDEX(元データ!$E$2:$H$20000,0,MATCH($C$2,元データ!$E$1:$H$1,0)),元データ!$A$2:$A$20000,$A15,元データ!$D$2:$D$20000,$C$3,元データ!$B$2:$B$20000,$C$4,元データ!$C$2:$C$20000,E$5) -> 2147016 | F15: =SUMIFS(INDEX(元データ!$E$2:$H$20000,0,MATCH($C$2,元データ!$E$1:$H$1,0)),元データ!$A$2:$A$20000,$A15,元データ!$D$2:$D$20000,$C$3,元データ!$B$2:$B$20000,$C$4,元データ!$C$2:$C$20000,F$5) -> 2150599 | G15: =SUMIFS(INDEX(元データ!$E$2:$H$20000,0,MATCH($C$2,元データ!$E$1:$H$1,0)),元データ!$A$2:$A$20000,$A15,元データ!$D$2:$D$20000,$C$3,元データ!$B$2:$B$20000,$C$4,元データ!$C$2:$C$20000,G$5) -> 2172052 | H15: =SUMIFS(INDEX(元データ!$E$2:$H$20000,0,MATCH($C$2,元データ!$E$1:$H$1,0)),元データ!$A$2:$A$20000,$A15,元データ!$D$2:$D$20000,$C$3,元データ!$B$2:$B$20000,$C$4,元データ!$C$2:$C$20000,H$5) -> 1437515 | I15: =SUMIFS(INDEX(元データ!$E$2:$H$20000,0,MATCH($C$2,元データ!$E$1:$H$1,0)),元データ!$A$2:$A$20000,$A15,元データ!$D$2:$D$20000,$C$3,元データ!$B$2:$B$20000,$C$4,元データ!$C$2:$C$20000,I$5) -> 1393171 | J15: =SUMIFS(INDEX(元データ!$E$2:$H$20000,0,MATCH($C$2,元データ!$E$1:$H$1,0)),元データ!$A$2:$A$20000,$A15,元データ!$D$2:$D$20000,$C$3,元データ!$B$2:$B$20000,$C$4,元データ!$C$2:$C$20000,J$5) -> 2561062 | ... N15: =SUMIFS(INDEX(元データ!$E$2:$H$20000,0,MATCH($C$2,元データ!$E$1:$H$1,0)),元データ!$A$2:$A$20000,$A15,元データ!$D$2:$D$20000,$C$3,元データ!$B$2:$B$20000,$C$4,元データ!$C$2:$C$20000,N$5) -> 2013847 | O15: =SUM(C15:N15) -> 26345157 | P15: =SUMIFS(INDEX(元データ!$E$2:$H$20000,0,MATCH($C$2,元データ!$E$1:$H$1,0)),元データ!$A$2:$A$20000,$A15,元データ!$D$2:$D$20000,$C$3,元データ!$B$2:$B$20000,$P$4,元データ!$C$2:$C$20000,P$5) -> 1475237 | Q15: =SUMIFS(INDEX(元データ!$E$2:$H$20000,0,MATCH($C$2,元データ!$E$1:$H$1,0)),元データ!$A$2:$A$20000,$A15,元データ!$D$2:$D$20000,$C$3,元データ!$B$2:$B$20000,$P$4,元データ!$C$2:$C$20000,Q$5) -> 1548525 | R15: =SUMIFS(INDEX(元データ!$E$2:$H$20000,0,MATCH($C$2,元データ!$E$1:$H$1,0)),元データ!$A$2:$A$20000,$A15,元データ!$D$2:$D$20000,$C$3,元データ!$B$2:$B$20000,$P$4,元データ!$C$2:$C$20000,R$5) -> 2388927 | S15: =SUMIFS(INDEX(元データ!$E$2:$H$20000,0,MATCH($C$2,元データ!$E$1:$H$1,0)),元データ!$A$2:$A$20000,$A15,元データ!$D$2:$D$20000,$C$3,元データ!$B$2:$B$20000,$P$4,元データ!$C$2:$C$20000,S$5) -> 2275250 | T15: =SUMIFS(INDEX(元データ!$E$2:$H$20000,0,MATCH($C$2,元データ!$E$1:$H$1,0)),元データ!$A$2:$A$20000,$A15,元データ!$D$2:$D$20000,$C$3,元データ!$B$2:$B$20000,$P$4,元データ!$C$2:$C$20000,T$5) -> 2097862 | U15: =SUMIFS(INDEX(元データ!$E$2:$H$20000,0,MATCH($C$2,元データ!$E$1:$H$1,0)),元データ!$A$2:$A$20000,$A15,元データ!$D$2:$D$20000,$C$3,元データ!$B$2:$B$20000,$P$4,元データ!$C$2:$C$20000,U$5) -> 1396843 | V15: =SUMIFS(INDEX(元データ!$E$2:$H$20000,0,MATCH($C$2,元データ!$E$1:$H$1,0)),元データ!$A$2:$A$20000,$A15,元データ!$D$2:$D$20000,$C$3,元データ!$B$2:$B$20000,$P$4,元データ!$C$2:$C$20000,V$5) -> 1408569 | W15: =SUMIFS(INDEX(元データ!$E$2:$H$20000,0,MATCH($C$2,元データ!$E$1:$H$1,0)),元データ!$A$2:$A$20000,$A15,元データ!$D$2:$D$20000,$C$3,元データ!$B$2:$B$20000,$P$4,元データ!$C$2:$C$20000,W$5) -> 2947360 | ... AA15: =SUMIFS(INDEX(元データ!$E$2:$H$20000,0,MATCH($C$2,元データ!$E$1:$H$1,0)),元データ!$A$2:$A$20000,$A15,元データ!$D$2:$D$20000,$C$3,元データ!$B$2:$B$20000,$P$4,元データ!$C$2:$C$20000,AA$5) -> 2188730 | AB15: =SUM(P15:AA15) -> 27383315 | AC15: =IFERROR(C15/P15,"") -> 1.1479728 | AD15: =IFERROR(D15/Q15,"") -> 1.0121322 | AE15: =IFERROR(E15/R15,"") -> 0.89873655 | AF15: =IFERROR(F15/S15,"") -> 0.94521437 | AG15: =IFERROR(G15/T15,"") -> 1.0353646 | AH15: =IFERROR(H15/U15,"") -> 1.0291171 | AI15: =IFERROR(I15/V15,"") -> 0.98906834 | AJ15: =IFERROR(J15/W15,"") -> 0.86893423 | ... AO15: =IFERROR(O15/AB15,"") -> 0.96208794
A16: =店舗マスタ!A12 -> 川島田店 | C16: =SUMIFS(INDEX(元データ!$E$2:$H$20000,0,MATCH($C$2,元データ!$E$1:$H$1,0)),元データ!$A$2:$A$20000,$A16,元データ!$D$2:$D$20000,$C$3,元データ!$B$2:$B$20000,$C$4,元データ!$C$2:$C$20000,C$5) -> 893197 | D16: =SUMIFS(INDEX(元データ!$E$2:$H$20000,0,MATCH($C$2,元データ!$E$1:$H$1,0)),元データ!$A$2:$A$20000,$A16,元データ!$D$2:$D$20000,$C$3,元データ!$B$2:$B$20000,$C$4,元データ!$C$2:$C$20000,D$5) -> 1054172 | E16: =SUMIFS(INDEX(元データ!$E$2:$H$20000,0,MATCH($C$2,元データ!$E$1:$H$1,0)),元データ!$A$2:$A$20000,$A16,元データ!$D$2:$D$20000,$C$3,元データ!$B$2:$B$20000,$C$4,元データ!$C$2:$C$20000,E$5) -> 1498284 | F16: =SUMIFS(INDEX(元データ!$E$2:$H$20000,0,MATCH($C$2,元データ!$E$1:$H$1,0)),元データ!$A$2:$A$20000,$A16,元データ!$D$2:$D$20000,$C$3,元データ!$B$2:$B$20000,$C$4,元データ!$C$2:$C$20000,F$5) -> 1257823 | G16: =SUMIFS(INDEX(元データ!$E$2:$H$20000,0,MATCH($C$2,元データ!$E$1:$H$1,0)),元データ!$A$2:$A$20000,$A16,元データ!$D$2:$D$20000,$C$3,元データ!$B$2:$B$20000,$C$4,元データ!$C$2:$C$20000,G$5) -> 1085593 | H16: =SUMIFS(INDEX(元データ!$E$2:$H$20000,0,MATCH($C$2,元データ!$E$1:$H$1,0)),元データ!$A$2:$A$20000,$A16,元データ!$D$2:$D$20000,$C$3,元データ!$B$2:$B$20000,$C$4,元データ!$C$2:$C$20000,H$5) -> 857151 | I16: =SUMIFS(INDEX(元データ!$E$2:$H$20000,0,MATCH($C$2,元データ!$E$1:$H$1,0)),元データ!$A$2:$A$20000,$A16,元データ!$D$2:$D$20000,$C$3,元データ!$B$2:$B$20000,$C$4,元データ!$C$2:$C$20000,I$5) -> 769224 | J16: =SUMIFS(INDEX(元データ!$E$2:$H$20000,0,MATCH($C$2,元データ!$E$1:$H$1,0)),元データ!$A$2:$A$20000,$A16,元データ!$D$2:$D$20000,$C$3,元データ!$B$2:$B$20000,$C$4,元データ!$C$2:$C$20000,J$5) -> 1339066 | ... N16: =SUMIFS(INDEX(元データ!$E$2:$H$20000,0,MATCH($C$2,元データ!$E$1:$H$1,0)),元データ!$A$2:$A$20000,$A16,元データ!$D$2:$D$20000,$C$3,元データ!$B$2:$B$20000,$C$4,元データ!$C$2:$C$20000,N$5) -> 1333295 | O16: =SUM(C16:N16) -> 15339997 | P16: =SUMIFS(INDEX(元データ!$E$2:$H$20000,0,MATCH($C$2,元データ!$E$1:$H$1,0)),元データ!$A$2:$A$20000,$A16,元データ!$D$2:$D$20000,$C$3,元データ!$B$2:$B$20000,$P$4,元データ!$C$2:$C$20000,P$5) -> 960135 | Q16: =SUMIFS(INDEX(元データ!$E$2:$H$20000,0,MATCH($C$2,元データ!$E$1:$H$1,0)),元データ!$A$2:$A$20000,$A16,元データ!$D$2:$D$20000,$C$3,元データ!$B$2:$B$20000,$P$4,元データ!$C$2:$C$20000,Q$5) -> 1137595 | R16: =SUMIFS(INDEX(元データ!$E$2:$H$20000,0,MATCH($C$2,元データ!$E$1:$H$1,0)),元データ!$A$2:$A$20000,$A16,元データ!$D$2:$D$20000,$C$3,元データ!$B$2:$B$20000,$P$4,元データ!$C$2:$C$20000,R$5) -> 1475545 | S16: =SUMIFS(INDEX(元データ!$E$2:$H$20000,0,MATCH($C$2,元データ!$E$1:$H$1,0)),元データ!$A$2:$A$20000,$A16,元データ!$D$2:$D$20000,$C$3,元データ!$B$2:$B$20000,$P$4,元データ!$C$2:$C$20000,S$5) -> 1150805 | T16: =SUMIFS(INDEX(元データ!$E$2:$H$20000,0,MATCH($C$2,元データ!$E$1:$H$1,0)),元データ!$A$2:$A$20000,$A16,元データ!$D$2:$D$20000,$C$3,元データ!$B$2:$B$20000,$P$4,元データ!$C$2:$C$20000,T$5) -> 1100945 | U16: =SUMIFS(INDEX(元データ!$E$2:$H$20000,0,MATCH($C$2,元データ!$E$1:$H$1,0)),元データ!$A$2:$A$20000,$A16,元データ!$D$2:$D$20000,$C$3,元データ!$B$2:$B$20000,$P$4,元データ!$C$2:$C$20000,U$5) -> 738482 | V16: =SUMIFS(INDEX(元データ!$E$2:$H$20000,0,MATCH($C$2,元データ!$E$1:$H$1,0)),元データ!$A$2:$A$20000,$A16,元データ!$D$2:$D$20000,$C$3,元データ!$B$2:$B$20000,$P$4,元データ!$C$2:$C$20000,V$5) -> 720345 | W16: =SUMIFS(INDEX(元データ!$E$2:$H$20000,0,MATCH($C$2,元データ!$E$1:$H$1,0)),元データ!$A$2:$A$20000,$A16,元データ!$D$2:$D$20000,$C$3,元データ!$B$2:$B$20000,$P$4,元データ!$C$2:$C$20000,W$5) -> 1604678 | ... AA16: =SUMIFS(INDEX(元データ!$E$2:$H$20000,0,MATCH($C$2,元データ!$E$1:$H$1,0)),元データ!$A$2:$A$20000,$A16,元データ!$D$2:$D$20000,$C$3,元データ!$B$2:$B$20000,$P$4,元データ!$C$2:$C$20000,AA$5) -> 1196515 | AB16: =SUM(P16:AA16) -> 15786599 | AC16: =IFERROR(C16/P16,"") -> 0.93028272 | AD16: =IFERROR(D16/Q16,"") -> 0.92666722 | AE16: =IFERROR(E16/R16,"") -> 1.0154106 | AF16: =IFERROR(F16/S16,"") -> 1.092994 | AG16: =IFERROR(G16/T16,"") -> 0.98605562 | AH16: =IFERROR(H16/U16,"") -> 1.1606932 | AI16: =IFERROR(I16/V16,"") -> 1.067855 | AJ16: =IFERROR(J16/W16,"") -> 0.83447645 | ... AO16: =IFERROR(O16/AB16,"") -> 0.97171006
A17: =店舗マスタ!A13 -> 便船塚店 | C17: =SUMIFS(INDEX(元データ!$E$2:$H$20000,0,MATCH($C$2,元データ!$E$1:$H$1,0)),元データ!$A$2:$A$20000,$A17,元データ!$D$2:$D$20000,$C$3,元データ!$B$2:$B$20000,$C$4,元データ!$C$2:$C$20000,C$5) -> 1851402 | D17: =SUMIFS(INDEX(元データ!$E$2:$H$20000,0,MATCH($C$2,元データ!$E$1:$H$1,0)),元データ!$A$2:$A$20000,$A17,元データ!$D$2:$D$20000,$C$3,元データ!$B$2:$B$20000,$C$4,元データ!$C$2:$C$20000,D$5) -> 2124582 | E17: =SUMIFS(INDEX(元データ!$E$2:$H$20000,0,MATCH($C$2,元データ!$E$1:$H$1,0)),元データ!$A$2:$A$20000,$A17,元データ!$D$2:$D$20000,$C$3,元データ!$B$2:$B$20000,$C$4,元データ!$C$2:$C$20000,E$5) -> 2884722 | F17: =SUMIFS(INDEX(元データ!$E$2:$H$20000,0,MATCH($C$2,元データ!$E$1:$H$1,0)),元データ!$A$2:$A$20000,$A17,元データ!$D$2:$D$20000,$C$3,元データ!$B$2:$B$20000,$C$4,元データ!$C$2:$C$20000,F$5) -> 2266931 | G17: =SUMIFS(INDEX(元データ!$E$2:$H$20000,0,MATCH($C$2,元データ!$E$1:$H$1,0)),元データ!$A$2:$A$20000,$A17,元データ!$D$2:$D$20000,$C$3,元データ!$B$2:$B$20000,$C$4,元データ!$C$2:$C$20000,G$5) -> 2243077 | H17: =SUMIFS(INDEX(元データ!$E$2:$H$20000,0,MATCH($C$2,元データ!$E$1:$H$1,0)),元データ!$A$2:$A$20000,$A17,元データ!$D$2:$D$20000,$C$3,元データ!$B$2:$B$20000,$C$4,元データ!$C$2:$C$20000,H$5) -> 1550086 | I17: =SUMIFS(INDEX(元データ!$E$2:$H$20000,0,MATCH($C$2,元データ!$E$1:$H$1,0)),元データ!$A$2:$A$20000,$A17,元データ!$D$2:$D$20000,$C$3,元データ!$B$2:$B$20000,$C$4,元データ!$C$2:$C$20000,I$5) -> 1400695 | J17: =SUMIFS(INDEX(元データ!$E$2:$H$20000,0,MATCH($C$2,元データ!$E$1:$H$1,0)),元データ!$A$2:$A$20000,$A17,元データ!$D$2:$D$20000,$C$3,元データ!$B$2:$B$20000,$C$4,元データ!$C$2:$C$20000,J$5) -> 2679065 | ... N17: =SUMIFS(INDEX(元データ!$E$2:$H$20000,0,MATCH($C$2,元データ!$E$1:$H$1,0)),元データ!$A$2:$A$20000,$A17,元データ!$D$2:$D$20000,$C$3,元データ!$B$2:$B$20000,$C$4,元データ!$C$2:$C$20000,N$5) -> 2410696 | O17: =SUM(C17:N17) -> 29743604 | P17: =SUMIFS(INDEX(元データ!$E$2:$H$20000,0,MATCH($C$2,元データ!$E$1:$H$1,0)),元データ!$A$2:$A$20000,$A17,元データ!$D$2:$D$20000,$C$3,元データ!$B$2:$B$20000,$P$4,元データ!$C$2:$C$20000,P$5) -> 1850143 | Q17: =SUMIFS(INDEX(元データ!$E$2:$H$20000,0,MATCH($C$2,元データ!$E$1:$H$1,0)),元データ!$A$2:$A$20000,$A17,元データ!$D$2:$D$20000,$C$3,元データ!$B$2:$B$20000,$P$4,元データ!$C$2:$C$20000,Q$5) -> 1866846 | R17: =SUMIFS(INDEX(元データ!$E$2:$H$20000,0,MATCH($C$2,元データ!$E$1:$H$1,0)),元データ!$A$2:$A$20000,$A17,元データ!$D$2:$D$20000,$C$3,元データ!$B$2:$B$20000,$P$4,元データ!$C$2:$C$20000,R$5) -> 2823168 | S17: =SUMIFS(INDEX(元データ!$E$2:$H$20000,0,MATCH($C$2,元データ!$E$1:$H$1,0)),元データ!$A$2:$A$20000,$A17,元データ!$D$2:$D$20000,$C$3,元データ!$B$2:$B$20000,$P$4,元データ!$C$2:$C$20000,S$5) -> 2367121 | T17: =SUMIFS(INDEX(元データ!$E$2:$H$20000,0,MATCH($C$2,元データ!$E$1:$H$1,0)),元データ!$A$2:$A$20000,$A17,元データ!$D$2:$D$20000,$C$3,元データ!$B$2:$B$20000,$P$4,元データ!$C$2:$C$20000,T$5) -> 2170226 | U17: =SUMIFS(INDEX(元データ!$E$2:$H$20000,0,MATCH($C$2,元データ!$E$1:$H$1,0)),元データ!$A$2:$A$20000,$A17,元データ!$D$2:$D$20000,$C$3,元データ!$B$2:$B$20000,$P$4,元データ!$C$2:$C$20000,U$5) -> 1617550 | V17: =SUMIFS(INDEX(元データ!$E$2:$H$20000,0,MATCH($C$2,元データ!$E$1:$H$1,0)),元データ!$A$2:$A$20000,$A17,元データ!$D$2:$D$20000,$C$3,元データ!$B$2:$B$20000,$P$4,元データ!$C$2:$C$20000,V$5) -> 1375302 | W17: =SUMIFS(INDEX(元データ!$E$2:$H$20000,0,MATCH($C$2,元データ!$E$1:$H$1,0)),元データ!$A$2:$A$20000,$A17,元データ!$D$2:$D$20000,$C$3,元データ!$B$2:$B$20000,$P$4,元データ!$C$2:$C$20000,W$5) -> 3183885 | ... AA17: =SUMIFS(INDEX(元データ!$E$2:$H$20000,0,MATCH($C$2,元データ!$E$1:$H$1,0)),元データ!$A$2:$A$20000,$A17,元データ!$D$2:$D$20000,$C$3,元データ!$B$2:$B$20000,$P$4,元データ!$C$2:$C$20000,AA$5) -> 2391292 | AB17: =SUM(P17:AA17) -> 30090246 | AC17: =IFERROR(C17/P17,"") -> 1.0006805 | AD17: =IFERROR(D17/Q17,"") -> 1.1380596 | AE17: =IFERROR(E17/R17,"") -> 1.0218032 | AF17: =IFERROR(F17/S17,"") -> 0.95767432 | AG17: =IFERROR(G17/T17,"") -> 1.0335684 | AH17: =IFERROR(H17/U17,"") -> 0.95829248 | AI17: =IFERROR(I17/V17,"") -> 1.0184636 | AJ17: =IFERROR(J17/W17,"") -> 0.84144528 | ... AO17: =IFERROR(O17/AB17,"") -> 0.98847992
... A58: =店舗マスタ!A54 -> 竹原店 | C58: =SUMIFS(INDEX(元データ!$E$2:$H$20000,0,MATCH($C$2,元データ!$E$1:$H$1,0)),元データ!$A$2:$A$20000,$A58,元データ!$D$2:$D$20000,$C$3,元データ!$B$2:$B$20000,$C$4,元データ!$C$2:$C$20000,C$5) -> 0 | D58: =SUMIFS(INDEX(元データ!$E$2:$H$20000,0,MATCH($C$2,元データ!$E$1:$H$1,0)),元データ!$A$2:$A$20000,$A58,元データ!$D$2:$D$20000,$C$3,元データ!$B$2:$B$20000,$C$4,元データ!$C$2:$C$20000,D$5) -> 0 | E58: =SUMIFS(INDEX(元データ!$E$2:$H$20000,0,MATCH($C$2,元データ!$E$1:$H$1,0)),元データ!$A$2:$A$20000,$A58,元データ!$D$2:$D$20000,$C$3,元データ!$B$2:$B$20000,$C$4,元データ!$C$2:$C$20000,E$5) -> 0 | F58: =SUMIFS(INDEX(元データ!$E$2:$H$20000,0,MATCH($C$2,元データ!$E$1:$H$1,0)),元データ!$A$2:$A$20000,$A58,元データ!$D$2:$D$20000,$C$3,元データ!$B$2:$B$20000,$C$4,元データ!$C$2:$C$20000,F$5) -> 0 | G58: =SUMIFS(INDEX(元データ!$E$2:$H$20000,0,MATCH($C$2,元データ!$E$1:$H$1,0)),元データ!$A$2:$A$20000,$A58,元データ!$D$2:$D$20000,$C$3,元データ!$B$2:$B$20000,$C$4,元データ!$C$2:$C$20000,G$5) -> 0 | H58: =SUMIFS(INDEX(元データ!$E$2:$H$20000,0,MATCH($C$2,元データ!$E$1:$H$1,0)),元データ!$A$2:$A$20000,$A58,元データ!$D$2:$D$20000,$C$3,元データ!$B$2:$B$20000,$C$4,元データ!$C$2:$C$20000,H$5) -> 0 | I58: =SUMIFS(INDEX(元データ!$E$2:$H$20000,0,MATCH($C$2,元データ!$E$1:$H$1,0)),元データ!$A$2:$A$20000,$A58,元データ!$D$2:$D$20000,$C$3,元データ!$B$2:$B$20000,$C$4,元データ!$C$2:$C$20000,I$5) -> 0 | J58: =SUMIFS(INDEX(元データ!$E$2:$H$20000,0,MATCH($C$2,元データ!$E$1:$H$1,0)),元データ!$A$2:$A$20000,$A58,元データ!$D$2:$D$20000,$C$3,元データ!$B$2:$B$20000,$C$4,元データ!$C$2:$C$20000,J$5) -> 0 | ... N58: =SUMIFS(INDEX(元データ!$E$2:$H$20000,0,MATCH($C$2,元データ!$E$1:$H$1,0)),元データ!$A$2:$A$20000,$A58,元データ!$D$2:$D$20000,$C$3,元データ!$B$2:$B$20000,$C$4,元データ!$C$2:$C$20000,N$5) -> 919284 | O58: =SUM(C58:N58) -> 3034371 | P58: =SUMIFS(INDEX(元データ!$E$2:$H$20000,0,MATCH($C$2,元データ!$E$1:$H$1,0)),元データ!$A$2:$A$20000,$A58,元データ!$D$2:$D$20000,$C$3,元データ!$B$2:$B$20000,$P$4,元データ!$C$2:$C$20000,P$5) -> 0 | Q58: =SUMIFS(INDEX(元データ!$E$2:$H$20000,0,MATCH($C$2,元データ!$E$1:$H$1,0)),元データ!$A$2:$A$20000,$A58,元データ!$D$2:$D$20000,$C$3,元データ!$B$2:$B$20000,$P$4,元データ!$C$2:$C$20000,Q$5) -> 0 | R58: =SUMIFS(INDEX(元データ!$E$2:$H$20000,0,MATCH($C$2,元データ!$E$1:$H$1,0)),元データ!$A$2:$A$20000,$A58,元データ!$D$2:$D$20000,$C$3,元データ!$B$2:$B$20000,$P$4,元データ!$C$2:$C$20000,R$5) -> 0 | S58: =SUMIFS(INDEX(元データ!$E$2:$H$20000,0,MATCH($C$2,元データ!$E$1:$H$1,0)),元データ!$A$2:$A$20000,$A58,元データ!$D$2:$D$20000,$C$3,元データ!$B$2:$B$20000,$P$4,元データ!$C$2:$C$20000,S$5) -> 0 | T58: =SUMIFS(INDEX(元データ!$E$2:$H$20000,0,MATCH($C$2,元データ!$E$1:$H$1,0)),元データ!$A$2:$A$20000,$A58,元データ!$D$2:$D$20000,$C$3,元データ!$B$2:$B$20000,$P$4,元データ!$C$2:$C$20000,T$5) -> 0 | U58: =SUMIFS(INDEX(元データ!$E$2:$H$20000,0,MATCH($C$2,元データ!$E$1:$H$1,0)),元データ!$A$2:$A$20000,$A58,元データ!$D$2:$D$20000,$C$3,元データ!$B$2:$B$20000,$P$4,元データ!$C$2:$C$20000,U$5) -> 0 | V58: =SUMIFS(INDEX(元データ!$E$2:$H$20000,0,MATCH($C$2,元データ!$E$1:$H$1,0)),元データ!$A$2:$A$20000,$A58,元データ!$D$2:$D$20000,$C$3,元データ!$B$2:$B$20000,$P$4,元データ!$C$2:$C$20000,V$5) -> 0 | W58: =SUMIFS(INDEX(元データ!$E$2:$H$20000,0,MATCH($C$2,元データ!$E$1:$H$1,0)),元データ!$A$2:$A$20000,$A58,元データ!$D$2:$D$20000,$C$3,元データ!$B$2:$B$20000,$P$4,元データ!$C$2:$C$20000,W$5) -> 0 | ... AA58: =SUMIFS(INDEX(元データ!$E$2:$H$20000,0,MATCH($C$2,元データ!$E$1:$H$1,0)),元データ!$A$2:$A$20000,$A58,元データ!$D$2:$D$20000,$C$3,元データ!$B$2:$B$20000,$P$4,元データ!$C$2:$C$20000,AA$5) -> 935970 | AB58: =SUM(P58:AA58) -> 2148606 | AC58: =IFERROR(C58/P58,"") | AD58: =IFERROR(D58/Q58,"") | AE58: =IFERROR(E58/R58,"") | AF58: =IFERROR(F58/S58,"") | AG58: =IFERROR(G58/T58,"") | AH58: =IFERROR(H58/U58,"") | AI58: =IFERROR(I58/V58,"") | AJ58: =IFERROR(J58/W58,"") | ... AO58: =IFERROR(O58/AB58,"") -> 1.412251

Sheet 2_ワイシャツ_ズボン_ジャケット
A1: 店舗別 年計表 ② ワイシャツ／ズボン／ジャケット（8月〜7月）
A2: 指標 | C2: 商品点数
A3: 年区分 | C3: 本年 | D3: 前年
A5: 店舗名 | B5: 項目 | C5: 8 | D5: 9 | E5: 10 | F5: 11 | G5: 12 | H5: 1 | I5: 2 | J5: 3 | K5: 4 | L5: 5 | M5: 6 | N5: 7 | O5: 年計（本年） | P5: 年計（前年） | Q5: 前年比
A6: =店舗マスタ!A2 -> 裾野本店 | B6: ワイシャツ | C6: =SUMIFS(INDEX(元データ!$E$2:$H$20000,0,MATCH($C$2,元データ!$E$1:$H$1,0)),元データ!$A$2:$A$20000,$A6,元データ!$D$2:$D$20000,$B6,元データ!$B$2:$B$20000,$C$3,元データ!$C$2:$C$20000,C$5) -> 909 | D6: =SUMIFS(INDEX(元データ!$E$2:$H$20000,0,MATCH($C$2,元データ!$E$1:$H$1,0)),元データ!$A$2:$A$20000,$A6,元データ!$D$2:$D$20000,$B6,元データ!$B$2:$B$20000,$C$3,元データ!$C$2:$C$20000,D$5) -> 1076 | E6: =SUMIFS(INDEX(元データ!$E$2:$H$20000,0,MATCH($C$2,元データ!$E$1:$H$1,0)),元データ!$A$2:$A$20000,$A6,元データ!$D$2:$D$20000,$B6,元データ!$B$2:$B$20000,$C$3,元データ!$C$2:$C$20000,E$5) -> 1328 | F6: =SUMIFS(INDEX(元データ!$E$2:$H$20000,0,MATCH($C$2,元データ!$E$1:$H$1,0)),元データ!$A$2:$A$20000,$A6,元データ!$D$2:$D$20000,$B6,元データ!$B$2:$B$20000,$C$3,元データ!$C$2:$C$20000,F$5) -> 1295 | G6: =SUMIFS(INDEX(元データ!$E$2:$H$20000,0,MATCH($C$2,元データ!$E$1:$H$1,0)),元データ!$A$2:$A$20000,$A6,元データ!$D$2:$D$20000,$B6,元データ!$B$2:$B$20000,$C$3,元データ!$C$2:$C$20000,G$5) -> 1277 | H6: =SUMIFS(INDEX(元データ!$E$2:$H$20000,0,MATCH($C$2,元データ!$E$1:$H$1,0)),元データ!$A$2:$A$20000,$A6,元データ!$D$2:$D$20000,$B6,元データ!$B$2:$B$20000,$C$3,元データ!$C$2:$C$20000,H$5) -> 931 | I6: =SUMIFS(INDEX(元データ!$E$2:$H$20000,0,MATCH($C$2,元データ!$E$1:$H$1,0)),元データ!$A$2:$A$20000,$A6,元データ!$D$2:$D$20000,$B6,元データ!$B$2:$B$20000,$C$3,元データ!$C$2:$C$20000,I$5) -> 908 | J6: =SUMIFS(INDEX(元データ!$E$2:$H$20000,0,MATCH($C$2,元データ!$E$1:$H$1,0)),元データ!$A$2:$A$20000,$A6,元データ!$D$2:$D$20000,$B6,元データ!$B$2:$B$20000,$C$3,元データ!$C$2:$C$20000,J$5) -> 1145 | ... N6: =SUMIFS(INDEX(元データ!$E$2:$H$20000,0,MATCH($C$2,元データ!$E$1:$H$1,0)),元データ!$A$2:$A$20000,$A6,元データ!$D$2:$D$20000,$B6,元データ!$B$2:$B$20000,$C$3,元データ!$C$2:$C$20000,N$5) -> 920 | O6: =SUM(C6:N6) -> 12888 | P6: =SUMIFS(INDEX(元データ!$E$2:$H$20000,0,MATCH($C$2,元データ!$E$1:$H$1,0)),元データ!$A$2:$A$20000,$A6,元データ!$D$2:$D$20000,$B6,元データ!$B$2:$B$20000,$D$3) -> 16029 | Q6: =IFERROR(O6/P6,"") -> 0.80404267
B7: ズボン | C7: =SUMIFS(INDEX(元データ!$E$2:$H$20000,0,MATCH($C$2,元データ!$E$1:$H$1,0)),元データ!$A$2:$A$20000,$A6,元データ!$D$2:$D$20000,$B7,元データ!$B$2:$B$20000,$C$3,元データ!$C$2:$C$20000,C$5) -> 484 | D7: =SUMIFS(INDEX(元データ!$E$2:$H$20000,0,MATCH($C$2,元データ!$E$1:$H$1,0)),元データ!$A$2:$A$20000,$A6,元データ!$D$2:$D$20000,$B7,元データ!$B$2:$B$20000,$C$3,元データ!$C$2:$C$20000,D$5) -> 488 | E7: =SUMIFS(INDEX(元データ!$E$2:$H$20000,0,MATCH($C$2,元データ!$E$1:$H$1,0)),元データ!$A$2:$A$20000,$A6,元データ!$D$2:$D$20000,$B7,元データ!$B$2:$B$20000,$C$3,元データ!$C$2:$C$20000,E$5) -> 685 | F7: =SUMIFS(INDEX(元データ!$E$2:$H$20000,0,MATCH($C$2,元データ!$E$1:$H$1,0)),元データ!$A$2:$A$20000,$A6,元データ!$D$2:$D$20000,$B7,元データ!$B$2:$B$20000,$C$3,元データ!$C$2:$C$20000,F$5) -> 620 | G7: =SUMIFS(INDEX(元データ!$E$2:$H$20000,0,MATCH($C$2,元データ!$E$1:$H$1,0)),元データ!$A$2:$A$20000,$A6,元データ!$D$2:$D$20000,$B7,元データ!$B$2:$B$20000,$C$3,元データ!$C$2:$C$20000,G$5) -> 632 | H7: =SUMIFS(INDEX(元データ!$E$2:$H$20000,0,MATCH($C$2,元データ!$E$1:$H$1,0)),元データ!$A$2:$A$20000,$A6,元データ!$D$2:$D$20000,$B7,元データ!$B$2:$B$20000,$C$3,元データ!$C$2:$C$20000,H$5) -> 412 | I7: =SUMIFS(INDEX(元データ!$E$2:$H$20000,0,MATCH($C$2,元データ!$E$1:$H$1,0)),元データ!$A$2:$A$20000,$A6,元データ!$D$2:$D$20000,$B7,元データ!$B$2:$B$20000,$C$3,元データ!$C$2:$C$20000,I$5) -> 374 | J7: =SUMIFS(INDEX(元データ!$E$2:$H$20000,0,MATCH($C$2,元データ!$E$1:$H$1,0)),元データ!$A$2:$A$20000,$A6,元データ!$D$2:$D$20000,$B7,元データ!$B$2:$B$20000,$C$3,元データ!$C$2:$C$20000,J$5) -> 642 | ... N7: =SUMIFS(INDEX(元データ!$E$2:$H$20000,0,MATCH($C$2,元データ!$E$1:$H$1,0)),元データ!$A$2:$A$20000,$A6,元データ!$D$2:$D$20000,$B7,元データ!$B$2:$B$20000,$C$3,元データ!$C$2:$C$20000,N$5) -> 530 | O7: =SUM(C7:N7) -> 6985 | P7: =SUMIFS(INDEX(元データ!$E$2:$H$20000,0,MATCH($C$2,元データ!$E$1:$H$1,0)),元データ!$A$2:$A$20000,$A6,元データ!$D$2:$D$20000,$B7,元データ!$B$2:$B$20000,$D$3) -> 7783 | Q7: =IFERROR(O7/P7,"") -> 0.89746884
B8: ジャケット | C8: =SUMIFS(INDEX(元データ!$E$2:$H$20000,0,MATCH($C$2,元データ!$E$1:$H$1,0)),元データ!$A$2:$A$20000,$A6,元データ!$D$2:$D$20000,$B8,元データ!$B$2:$B$20000,$C$3,元データ!$C$2:$C$20000,C$5) -> 276 | D8: =SUMIFS(INDEX(元データ!$E$2:$H$20000,0,MATCH($C$2,元データ!$E$1:$H$1,0)),元データ!$A$2:$A$20000,$A6,元データ!$D$2:$D$20000,$B8,元データ!$B$2:$B$20000,$C$3,元データ!$C$2:$C$20000,D$5) -> 247 | E8: =SUMIFS(INDEX(元データ!$E$2:$H$20000,0,MATCH($C$2,元データ!$E$1:$H$1,0)),元データ!$A$2:$A$20000,$A6,元データ!$D$2:$D$20000,$B8,元データ!$B$2:$B$20000,$C$3,元データ!$C$2:$C$20000,E$5) -> 528 | F8: =SUMIFS(INDEX(元データ!$E$2:$H$20000,0,MATCH($C$2,元データ!$E$1:$H$1,0)),元データ!$A$2:$A$20000,$A6,元データ!$D$2:$D$20000,$B8,元データ!$B$2:$B$20000,$C$3,元データ!$C$2:$C$20000,F$5) -> 434 | G8: =SUMIFS(INDEX(元データ!$E$2:$H$20000,0,MATCH($C$2,元データ!$E$1:$H$1,0)),元データ!$A$2:$A$20000,$A6,元データ!$D$2:$D$20000,$B8,元データ!$B$2:$B$20000,$C$3,元データ!$C$2:$C$20000,G$5) -> 390 | H8: =SUMIFS(INDEX(元データ!$E$2:$H$20000,0,MATCH($C$2,元データ!$E$1:$H$1,0)),元データ!$A$2:$A$20000,$A6,元データ!$D$2:$D$20000,$B8,元データ!$B$2:$B$20000,$C$3,元データ!$C$2:$C$20000,H$5) -> 315 | I8: =SUMIFS(INDEX(元データ!$E$2:$H$20000,0,MATCH($C$2,元データ!$E$1:$H$1,0)),元データ!$A$2:$A$20000,$A6,元データ!$D$2:$D$20000,$B8,元データ!$B$2:$B$20000,$C$3,元データ!$C$2:$C$20000,I$5) -> 249 | J8: =SUMIFS(INDEX(元データ!$E$2:$H$20000,0,MATCH($C$2,元データ!$E$1:$H$1,0)),元データ!$A$2:$A$20000,$A6,元データ!$D$2:$D$20000,$B8,元データ!$B$2:$B$20000,$C$3,元データ!$C$2:$C$20000,J$5) -> 481 | ... N8: =SUMIFS(INDEX(元データ!$E$2:$H$20000,0,MATCH($C$2,元データ!$E$1:$H$1,0)),元データ!$A$2:$A$20000,$A6,元データ!$D$2:$D$20000,$B8,元データ!$B$2:$B$20000,$C$3,元データ!$C$2:$C$20000,N$5) -> 338 | O8: =SUM(C8:N8) -> 4997 | P8: =SUMIFS(INDEX(元データ!$E$2:$H$20000,0,MATCH($C$2,元データ!$E$1:$H$1,0)),元データ!$A$2:$A$20000,$A6,元データ!$D$2:$D$20000,$B8,元データ!$B$2:$B$20000,$D$3) -> 5615 | Q8: =IFERROR(O8/P8,"") -> 0.88993767
A9: =店舗マスタ!A3 -> 三 島 店 | B9: ワイシャツ | C9: =SUMIFS(INDEX(元データ!$E$2:$H$20000,0,MATCH($C$2,元データ!$E$1:$H$1,0)),元データ!$A$2:$A$20000,$A9,元データ!$D$2:$D$20000,$B9,元データ!$B$2:$B$20000,$C$3,元データ!$C$2:$C$20000,C$5) -> 1227 | D9: =SUMIFS(INDEX(元データ!$E$2:$H$20000,0,MATCH($C$2,元データ!$E$1:$H$1,0)),元データ!$A$2:$A$20000,$A9,元データ!$D$2:$D$20000,$B9,元データ!$B$2:$B$20000,$C$3,元データ!$C$2:$C$20000,D$5) -> 1396 | E9: =SUMIFS(INDEX(元データ!$E$2:$H$20000,0,MATCH($C$2,元データ!$E$1:$H$1,0)),元データ!$A$2:$A$20000,$A9,元データ!$D$2:$D$20000,$B9,元データ!$B$2:$B$20000,$C$3,元データ!$C$2:$C$20000,E$5) -> 1641 | F9: =SUMIFS(INDEX(元データ!$E$2:$H$20000,0,MATCH($C$2,元データ!$E$1:$H$1,0)),元データ!$A$2:$A$20000,$A9,元データ!$D$2:$D$20000,$B9,元データ!$B$2:$B$20000,$C$3,元データ!$C$2:$C$20000,F$5) -> 1391 | G9: =SUMIFS(INDEX(元データ!$E$2:$H$20000,0,MATCH($C$2,元データ!$E$1:$H$1,0)),元データ!$A$2:$A$20000,$A9,元データ!$D$2:$D$20000,$B9,元データ!$B$2:$B$20000,$C$3,元データ!$C$2:$C$20000,G$5) -> 1467 | H9: =SUMIFS(INDEX(元データ!$E$2:$H$20000,0,MATCH($C$2,元データ!$E$1:$H$1,0)),元データ!$A$2:$A$20000,$A9,元データ!$D$2:$D$20000,$B9,元データ!$B$2:$B$20000,$C$3,元データ!$C$2:$C$20000,H$5) -> 1107 | I9: =SUMIFS(INDEX(元データ!$E$2:$H$20000,0,MATCH($C$2,元データ!$E$1:$H$1,0)),元データ!$A$2:$A$20000,$A9,元データ!$D$2:$D$20000,$B9,元データ!$B$2:$B$20000,$C$3,元データ!$C$2:$C$20000,I$5) -> 1136 | J9: =SUMIFS(INDEX(元データ!$E$2:$H$20000,0,MATCH($C$2,元データ!$E$1:$H$1,0)),元データ!$A$2:$A$20000,$A9,元データ!$D$2:$D$20000,$B9,元データ!$B$2:$B$20000,$C$3,元データ!$C$2:$C$20000,J$5) -> 1407 | ... N9: =SUMIFS(INDEX(元データ!$E$2:$H$20000,0,MATCH($C$2,元データ!$E$1:$H$1,0)),元データ!$A$2:$A$20000,$A9,元データ!$D$2:$D$20000,$B9,元データ!$B$2:$B$20000,$C$3,元データ!$C$2:$C$20000,N$5) -> 1244 | O9: =SUM(C9:N9) -> 16029 | P9: =SUMIFS(INDEX(元データ!$E$2:$H$20000,0,MATCH($C$2,元データ!$E$1:$H$1,0)),元データ!$A$2:$A$20000,$A9,元データ!$D$2:$D$20000,$B9,元データ!$B$2:$B$20000,$D$3) -> 18801 | Q9: =IFERROR(O9/P9,"") -> 0.85256103
B10: ズボン | C10: =SUMIFS(INDEX(元データ!$E$2:$H$20000,0,MATCH($C$2,元データ!$E$1:$H$1,0)),元データ!$A$2:$A$20000,$A9,元データ!$D$2:$D$20000,$B10,元データ!$B$2:$B$20000,$C$3,元データ!$C$2:$C$20000,C$5) -> 544 | D10: =SUMIFS(INDEX(元データ!$E$2:$H$20000,0,MATCH($C$2,元データ!$E$1:$H$1,0)),元データ!$A$2:$A$20000,$A9,元データ!$D$2:$D$20000,$B10,元データ!$B$2:$B$20000,$C$3,元データ!$C$2:$C$20000,D$5) -> 604 | E10: =SUMIFS(INDEX(元データ!$E$2:$H$20000,0,MATCH($C$2,元データ!$E$1:$H$1,0)),元データ!$A$2:$A$20000,$A9,元データ!$D$2:$D$20000,$B10,元データ!$B$2:$B$20000,$C$3,元データ!$C$2:$C$20000,E$5) -> 712 | F10: =SUMIFS(INDEX(元データ!$E$2:$H$20000,0,MATCH($C$2,元データ!$E$1:$H$1,0)),元データ!$A$2:$A$20000,$A9,元データ!$D$2:$D$20000,$B10,元データ!$B$2:$B$20000,$C$3,元データ!$C$2:$C$20000,F$5) -> 703 | G10: =SUMIFS(INDEX(元データ!$E$2:$H$20000,0,MATCH($C$2,元データ!$E$1:$H$1,0)),元データ!$A$2:$A$20000,$A9,元データ!$D$2:$D$20000,$B10,元データ!$B$2:$B$20000,$C$3,元データ!$C$2:$C$20000,G$5) -> 752 | H10: =SUMIFS(INDEX(元データ!$E$2:$H$20000,0,MATCH($C$2,元データ!$E$1:$H$1,0)),元データ!$A$2:$A$20000,$A9,元データ!$D$2:$D$20000,$B10,元データ!$B$2:$B$20000,$C$3,元データ!$C$2:$C$20000,H$5) -> 458 | I10: =SUMIFS(INDEX(元データ!$E$2:$H$20000,0,MATCH($C$2,元データ!$E$1:$H$1,0)),元データ!$A$2:$A$20000,$A9,元データ!$D$2:$D$20000,$B10,元データ!$B$2:$B$20000,$C$3,元データ!$C$2:$C$20000,I$5) -> 372 | J10: =SUMIFS(INDEX(元データ!$E$2:$H$20000,0,MATCH($C$2,元データ!$E$1:$H$1,0)),元データ!$A$2:$A$20000,$A9,元データ!$D$2:$D$20000,$B10,元データ!$B$2:$B$20000,$C$3,元データ!$C$2:$C$20000,J$5) -> 681 | ... N10: =SUMIFS(INDEX(元データ!$E$2:$H$20000,0,MATCH($C$2,元データ!$E$1:$H$1,0)),元データ!$A$2:$A$20000,$A9,元データ!$D$2:$D$20000,$B10,元データ!$B$2:$B$20000,$C$3,元データ!$C$2:$C$20000,N$5) -> 613 | O10: =SUM(C10:N10) -> 7672 | P10: =SUMIFS(INDEX(元データ!$E$2:$H$20000,0,MATCH($C$2,元データ!$E$1:$H$1,0)),元データ!$A$2:$A$20000,$A9,元データ!$D$2:$D$20000,$B10,元データ!$B$2:$B$20000,$D$3) -> 8537 | Q10: =IFERROR(O10/P10,"") -> 0.89867635
B11: ジャケット | C11: =SUMIFS(INDEX(元データ!$E$2:$H$20000,0,MATCH($C$2,元データ!$E$1:$H$1,0)),元データ!$A$2:$A$20000,$A9,元データ!$D$2:$D$20000,$B11,元データ!$B$2:$B$20000,$C$3,元データ!$C$2:$C$20000,C$5) -> 243 | D11: =SUMIFS(INDEX(元データ!$E$2:$H$20000,0,MATCH($C$2,元データ!$E$1:$H$1,0)),元データ!$A$2:$A$20000,$A9,元データ!$D$2:$D$20000,$B11,元データ!$B$2:$B$20000,$C$3,元データ!$C$2:$C$20000,D$5) -> 303 | E11: =SUMIFS(INDEX(元データ!$E$2:$H$20000,0,MATCH($C$2,元データ!$E$1:$H$1,0)),元データ!$A$2:$A$20000,$A9,元データ!$D$2:$D$20000,$B11,元データ!$B$2:$B$20000,$C$3,元データ!$C$2:$C$20000,E$5) -> 433 | F11: =SUMIFS(INDEX(元データ!$E$2:$H$20000,0,MATCH($C$2,元データ!$E$1:$H$1,0)),元データ!$A$2:$A$20000,$A9,元データ!$D$2:$D$20000,$B11,元データ!$B$2:$B$20000,$C$3,元データ!$C$2:$C$20000,F$5) -> 443 | G11: =SUMIFS(INDEX(元データ!$E$2:$H$20000,0,MATCH($C$2,元データ!$E$1:$H$1,0)),元データ!$A$2:$A$20000,$A9,元データ!$D$2:$D$20000,$B11,元データ!$B$2:$B$20000,$C$3,元データ!$C$2:$C$20000,G$5) -> 550 | H11: =SUMIFS(INDEX(元データ!$E$2:$H$20000,0,MATCH($C$2,元データ!$E$1:$H$1,0)),元データ!$A$2:$A$20000,$A9,元データ!$D$2:$D$20000,$B11,元データ!$B$2:$B$20000,$C$3,元データ!$C$2:$C$20000,H$5) -> 298 | I11: =SUMIFS(INDEX(元データ!$E$2:$H$20000,0,MATCH($C$2,元データ!$E$1:$H$1,0)),元データ!$A$2:$A$20000,$A9,元データ!$D$2:$D$20000,$B11,元データ!$B$2:$B$20000,$C$3,元データ!$C$2:$C$20000,I$5) -> 237 | J11: =SUMIFS(INDEX(元データ!$E$2:$H$20000,0,MATCH($C$2,元データ!$E$1:$H$1,0)),元データ!$A$2:$A$20000,$A9,元データ!$D$2:$D$20000,$B11,元データ!$B$2:$B$20000,$C$3,元データ!$C$2:$C$20000,J$5) -> 528 | ... N11: =SUMIFS(INDEX(元データ!$E$2:$H$20000,0,MATCH($C$2,元データ!$E$1:$H$1,0)),元データ!$A$2:$A$20000,$A9,元データ!$D$2:$D$20000,$B11,元データ!$B$2:$B$20000,$C$3,元データ!$C$2:$C$20000,N$5) -> 332 | O11: =SUM(C11:N11) -> 5230 | P11: =SUMIFS(INDEX(元データ!$E$2:$H$20000,0,MATCH($C$2,元データ!$E$1:$H$1,0)),元データ!$A$2:$A$20000,$A9,元データ!$D$2:$D$20000,$B11,元データ!$B$2:$B$20000,$D$3) -> 5867 | Q11: =IFERROR(O11/P11,"") -> 0.89142662
A12: =店舗マスタ!A4 -> ｱｰｹｰﾄﾞ店 | B12: ワイシャツ | C12: =SUMIFS(INDEX(元データ!$E$2:$H$20000,0,MATCH($C$2,元データ!$E$1:$H$1,0)),元データ!$A$2:$A$20000,$A12,元データ!$D$2:$D$20000,$B12,元データ!$B$2:$B$20000,$C$3,元データ!$C$2:$C$20000,C$5) -> 779 | D12: =SUMIFS(INDEX(元データ!$E$2:$H$20000,0,MATCH($C$2,元データ!$E$1:$H$1,0)),元データ!$A$2:$A$20000,$A12,元データ!$D$2:$D$20000,$B12,元データ!$B$2:$B$20000,$C$3,元データ!$C$2:$C$20000,D$5) -> 959 | E12: =SUMIFS(INDEX(元データ!$E$2:$H$20000,0,MATCH($C$2,元データ!$E$1:$H$1,0)),元データ!$A$2:$A$20000,$A12,元データ!$D$2:$D$20000,$B12,元データ!$B$2:$B$20000,$C$3,元データ!$C$2:$C$20000,E$5) -> 1175 | F12: =SUMIFS(INDEX(元データ!$E$2:$H$20000,0,MATCH($C$2,元データ!$E$1:$H$1,0)),元データ!$A$2:$A$20000,$A12,元データ!$D$2:$D$20000,$B12,元データ!$B$2:$B$20000,$C$3,元データ!$C$2:$C$20000,F$5) -> 1123 | G12: =SUMIFS(INDEX(元データ!$E$2:$H$20000,0,MATCH($C$2,元データ!$E$1:$H$1,0)),元データ!$A$2:$A$20000,$A12,元データ!$D$2:$D$20000,$B12,元データ!$B$2:$B$20000,$C$3,元データ!$C$2:$C$20000,G$5) -> 1141 | H12: =SUMIFS(INDEX(元データ!$E$2:$H$20000,0,MATCH($C$2,元データ!$E$1:$H$1,0)),元データ!$A$2:$A$20000,$A12,元データ!$D$2:$D$20000,$B12,元データ!$B$2:$B$20000,$C$3,元データ!$C$2:$C$20000,H$5) -> 1005 | I12: =SUMIFS(INDEX(元データ!$E$2:$H$20000,0,MATCH($C$2,元データ!$E$1:$H$1,0)),元データ!$A$2:$A$20000,$A12,元データ!$D$2:$D$20000,$B12,元データ!$B$2:$B$20000,$C$3,元データ!$C$2:$C$20000,I$5) -> 904 | J12: =SUMIFS(INDEX(元データ!$E$2:$H$20000,0,MATCH($C$2,元データ!$E$1:$H$1,0)),元データ!$A$2:$A$20000,$A12,元データ!$D$2:$D$20000,$B12,元データ!$B$2:$B$20000,$C$3,元データ!$C$2:$C$20000,J$5) -> 1154 | ... N12: =SUMIFS(INDEX(元データ!$E$2:$H$20000,0,MATCH($C$2,元データ!$E$1:$H$1,0)),元データ!$A$2:$A$20000,$A12,元データ!$D$2:$D$20000,$B12,元データ!$B$2:$B$20000,$C$3,元データ!$C$2:$C$20000,N$5) -> 0 | O12: =SUM(C12:N12) -> 11436 | P12: =SUMIFS(INDEX(元データ!$E$2:$H$20000,0,MATCH($C$2,元データ!$E$1:$H$1,0)),元データ!$A$2:$A$20000,$A12,元データ!$D$2:$D$20000,$B12,元データ!$B$2:$B$20000,$D$3) -> 14054 | Q12: =IFERROR(O12/P12,"") -> 0.81371851
B13: ズボン | C13: =SUMIFS(INDEX(元データ!$E$2:$H$20000,0,MATCH($C$2,元データ!$E$1:$H$1,0)),元データ!$A$2:$A$20000,$A12,元データ!$D$2:$D$20000,$B13,元データ!$B$2:$B$20000,$C$3,元データ!$C$2:$C$20000,C$5) -> 276 | D13: =SUMIFS(INDEX(元データ!$E$2:$H$20000,0,MATCH($C$2,元データ!$E$1:$H$1,0)),元データ!$A$2:$A$20000,$A12,元データ!$D$2:$D$20000,$B13,元データ!$B$2:$B$20000,$C$3,元データ!$C$2:$C$20000,D$5) -> 299 | E13: =SUMIFS(INDEX(元データ!$E$2:$H$20000,0,MATCH($C$2,元データ!$E$1:$H$1,0)),元データ!$A$2:$A$20000,$A12,元データ!$D$2:$D$20000,$B13,元データ!$B$2:$B$20000,$C$3,元データ!$C$2:$C$20000,E$5) -> 395 | F13: =SUMIFS(INDEX(元データ!$E$2:$H$20000,0,MATCH($C$2,元データ!$E$1:$H$1,0)),元データ!$A$2:$A$20000,$A12,元データ!$D$2:$D$20000,$B13,元データ!$B$2:$B$20000,$C$3,元データ!$C$2:$C$20000,F$5) -> 409 | G13: =SUMIFS(INDEX(元データ!$E$2:$H$20000,0,MATCH($C$2,元データ!$E$1:$H$1,0)),元データ!$A$2:$A$20000,$A12,元データ!$D$2:$D$20000,$B13,元データ!$B$2:$B$20000,$C$3,元データ!$C$2:$C$20000,G$5) -> 359 | H13: =SUMIFS(INDEX(元データ!$E$2:$H$20000,0,MATCH($C$2,元データ!$E$1:$H$1,0)),元データ!$A$2:$A$20000,$A12,元データ!$D$2:$D$20000,$B13,元データ!$B$2:$B$20000,$C$3,元データ!$C$2:$C$20000,H$5) -> 238 | I13: =SUMIFS(INDEX(元データ!$E$2:$H$20000,0,MATCH($C$2,元データ!$E$1:$H$1,0)),元データ!$A$2:$A$20000,$A12,元データ!$D$2:$D$20000,$B13,元データ!$B$2:$B$20000,$C$3,元データ!$C$2:$C$20000,I$5) -> 202 | J13: =SUMIFS(INDEX(元データ!$E$2:$H$20000,0,MATCH($C$2,元データ!$E$1:$H$1,0)),元データ!$A$2:$A$20000,$A12,元データ!$D$2:$D$20000,$B13,元データ!$B$2:$B$20000,$C$3,元データ!$C$2:$C$20000,J$5) -> 271 | ... N13: =SUMIFS(INDEX(元データ!$E$2:$H$20000,0,MATCH($C$2,元データ!$E$1:$H$1,0)),元データ!$A$2:$A$20000,$A12,元データ!$D$2:$D$20000,$B13,元データ!$B$2:$B$20000,$C$3,元データ!$C$2:$C$20000,N$5) -> 0 | O13: =SUM(C13:N13) -> 3659 | P13: =SUMIFS(INDEX(元データ!$E$2:$H$20000,0,MATCH($C$2,元データ!$E$1:$H$1,0)),元データ!$A$2:$A$20000,$A12,元データ!$D$2:$D$20000,$B13,元データ!$B$2:$B$20000,$D$3) -> 4158 | Q13: =IFERROR(O13/P13,"") -> 0.87999038
B14: ジャケット | C14: =SUMIFS(INDEX(元データ!$E$2:$H$20000,0,MATCH($C$2,元データ!$E$1:$H$1,0)),元データ!$A$2:$A$20000,$A12,元データ!$D$2:$D$20000,$B14,元データ!$B$2:$B$20000,$C$3,元データ!$C$2:$C$20000,C$5) -> 114 | D14: =SUMIFS(INDEX(元データ!$E$2:$H$20000,0,MATCH($C$2,元データ!$E$1:$H$1,0)),元データ!$A$2:$A$20000,$A12,元データ!$D$2:$D$20000,$B14,元データ!$B$2:$B$20000,$C$3,元データ!$C$2:$C$20000,D$5) -> 111 | E14: =SUMIFS(INDEX(元データ!$E$2:$H$20000,0,MATCH($C$2,元データ!$E$1:$H$1,0)),元データ!$A$2:$A$20000,$A12,元データ!$D$2:$D$20000,$B14,元データ!$B$2:$B$20000,$C$3,元データ!$C$2:$C$20000,E$5) -> 199 | F14: =SUMIFS(INDEX(元データ!$E$2:$H$20000,0,MATCH($C$2,元データ!$E$1:$H$1,0)),元データ!$A$2:$A$20000,$A12,元データ!$D$2:$D$20000,$B14,元データ!$B$2:$B$20000,$C$3,元データ!$C$2:$C$20000,F$5) -> 237 | G14: =SUMIFS(INDEX(元データ!$E$2:$H$20000,0,MATCH($C$2,元データ!$E$1:$H$1,0)),元データ!$A$2:$A$20000,$A12,元データ!$D$2:$D$20000,$B14,元データ!$B$2:$B$20000,$C$3,元データ!$C$2:$C$20000,G$5) -> 230 | H14: =SUMIFS(INDEX(元データ!$E$2:$H$20000,0,MATCH($C$2,元データ!$E$1:$H$1,0)),元データ!$A$2:$A$20000,$A12,元データ!$D$2:$D$20000,$B14,元データ!$B$2:$B$20000,$C$3,元データ!$C$2:$C$20000,H$5) -> 130 | I14: =SUMIFS(INDEX(元データ!$E$2:$H$20000,0,MATCH($C$2,元データ!$E$1:$H$1,0)),元データ!$A$2:$A$20000,$A12,元データ!$D$2:$D$20000,$B14,元データ!$B$2:$B$20000,$C$3,元データ!$C$2:$C$20000,I$5) -> 82 | J14: =SUMIFS(INDEX(元データ!$E$2:$H$20000,0,MATCH($C$2,元データ!$E$1:$H$1,0)),元データ!$A$2:$A$20000,$A12,元データ!$D$2:$D$20000,$B14,元データ!$B$2:$B$20000,$C$3,元データ!$C$2:$C$20000,J$5) -> 192 | ... N14: =SUMIFS(INDEX(元データ!$E$2:$H$20000,0,MATCH($C$2,元データ!$E$1:$H$1,0)),元データ!$A$2:$A$20000,$A12,元データ!$D$2:$D$20000,$B14,元データ!$B$2:$B$20000,$C$3,元データ!$C$2:$C$20000,N$5) -> 0 | O14: =SUM(C14:N14) -> 2022 | P14: =SUMIFS(INDEX(元データ!$E$2:$H$20000,0,MATCH($C$2,元データ!$E$1:$H$1,0)),元データ!$A$2:$A$20000,$A12,元データ!$D$2:$D$20000,$B14,元データ!$B$2:$B$20000,$D$3) -> 2341 | Q14: =IFERROR(O14/P14,"") -> 0.86373345
A15: =店舗マスタ!A5 -> 東田中店 | B15: ワイシャツ | C15: =SUMIFS(INDEX(元データ!$E$2:$H$20000,0,MATCH($C$2,元データ!$E$1:$H$1,0)),元データ!$A$2:$A$20000,$A15,元データ!$D$2:$D$20000,$B15,元データ!$B$2:$B$20000,$C$3,元データ!$C$2:$C$20000,C$5) -> 896 | D15: =SUMIFS(INDEX(元データ!$E$2:$H$20000,0,MATCH($C$2,元データ!$E$1:$H$1,0)),元データ!$A$2:$A$20000,$A15,元データ!$D$2:$D$20000,$B15,元データ!$B$2:$B$20000,$C$3,元データ!$C$2:$C$20000,D$5) -> 1101 | E15: =SUMIFS(INDEX(元データ!$E$2:$H$20000,0,MATCH($C$2,元データ!$E$1:$H$1,0)),元データ!$A$2:$A$20000,$A15,元データ!$D$2:$D$20000,$B15,元データ!$B$2:$B$20000,$C$3,元データ!$C$2:$C$20000,E$5) -> 1294 | F15: =SUMIFS(INDEX(元データ!$E$2:$H$20000,0,MATCH($C$2,元データ!$E$1:$H$1,0)),元データ!$A$2:$A$20000,$A15,元データ!$D$2:$D$20000,$B15,元データ!$B$2:$B$20000,$C$3,元データ!$C$2:$C$20000,F$5) -> 1057 | G15: =SUMIFS(INDEX(元データ!$E$2:$H$20000,0,MATCH($C$2,元データ!$E$1:$H$1,0)),元データ!$A$2:$A$20000,$A15,元データ!$D$2:$D$20000,$B15,元データ!$B$2:$B$20000,$C$3,元データ!$C$2:$C$20000,G$5) -> 1064 | H15: =SUMIFS(INDEX(元データ!$E$2:$H$20000,0,MATCH($C$2,元データ!$E$1:$H$1,0)),元データ!$A$2:$A$20000,$A15,元データ!$D$2:$D$20000,$B15,元データ!$B$2:$B$20000,$C$3,元データ!$C$2:$C$20000,H$5) -> 784 | I15: =SUMIFS(INDEX(元データ!$E$2:$H$20000,0,MATCH($C$2,元データ!$E$1:$H$1,0)),元データ!$A$2:$A$20000,$A15,元データ!$D$2:$D$20000,$B15,元データ!$B$2:$B$20000,$C$3,元データ!$C$2:$C$20000,I$5) -> 790 | J15: =SUMIFS(INDEX(元データ!$E$2:$H$20000,0,MATCH($C$2,元データ!$E$1:$H$1,0)),元データ!$A$2:$A$20000,$A15,元データ!$D$2:$D$20000,$B15,元データ!$B$2:$B$20000,$C$3,元データ!$C$2:$C$20000,J$5) -> 1102 | ... N15: =SUMIFS(INDEX(元データ!$E$2:$H$20000,0,MATCH($C$2,元データ!$E$1:$H$1,0)),元データ!$A$2:$A$20000,$A15,元データ!$D$2:$D$20000,$B15,元データ!$B$2:$B$20000,$C$3,元データ!$C$2:$C$20000,N$5) -> 1123 | O15: =SUM(C15:N15) -> 12339 | P15: =SUMIFS(INDEX(元データ!$E$2:$H$20000,0,MATCH($C$2,元データ!$E$1:$H$1,0)),元データ!$A$2:$A$20000,$A15,元データ!$D$2:$D$20000,$B15,元データ!$B$2:$B$20000,$D$3) -> 13617 | Q15: =IFERROR(O15/P15,"") -> 0.90614673
B16: ズボン | C16: =SUMIFS(INDEX(元データ!$E$2:$H$20000,0,MATCH($C$2,元データ!$E$1:$H$1,0)),元データ!$A$2:$A$20000,$A15,元データ!$D$2:$D$20000,$B16,元データ!$B$2:$B$20000,$C$3,元データ!$C$2:$C$20000,C$5) -> 607 | D16: =SUMIFS(INDEX(元データ!$E$2:$H$20000,0,MATCH($C$2,元データ!$E$1:$H$1,0)),元データ!$A$2:$A$20000,$A15,元データ!$D$2:$D$20000,$B16,元データ!$B$2:$B$20000,$C$3,元データ!$C$2:$C$20000,D$5) -> 629 | E16: =SUMIFS(INDEX(元データ!$E$2:$H$20000,0,MATCH($C$2,元データ!$E$1:$H$1,0)),元データ!$A$2:$A$20000,$A15,元データ!$D$2:$D$20000,$B16,元データ!$B$2:$B$20000,$C$3,元データ!$C$2:$C$20000,E$5) -> 866 | F16: =SUMIFS(INDEX(元データ!$E$2:$H$20000,0,MATCH($C$2,元データ!$E$1:$H$1,0)),元データ!$A$2:$A$20000,$A15,元データ!$D$2:$D$20000,$B16,元データ!$B$2:$B$20000,$C$3,元データ!$C$2:$C$20000,F$5) -> 739 | G16: =SUMIFS(INDEX(元データ!$E$2:$H$20000,0,MATCH($C$2,元データ!$E$1:$H$1,0)),元データ!$A$2:$A$20000,$A15,元データ!$D$2:$D$20000,$B16,元データ!$B$2:$B$20000,$C$3,元データ!$C$2:$C$20000,G$5) -> 767 | H16: =SUMIFS(INDEX(元データ!$E$2:$H$20000,0,MATCH($C$2,元データ!$E$1:$H$1,0)),元データ!$A$2:$A$20000,$A15,元データ!$D$2:$D$20000,$B16,元データ!$B$2:$B$20000,$C$3,元データ!$C$2:$C$20000,H$5) -> 496 | I16: =SUMIFS(INDEX(元データ!$E$2:$H$20000,0,MATCH($C$2,元データ!$E$1:$H$1,0)),元データ!$A$2:$A$20000,$A15,元データ!$D$2:$D$20000,$B16,元データ!$B$2:$B$20000,$C$3,元データ!$C$2:$C$20000,I$5) -> 487 | J16: =SUMIFS(INDEX(元データ!$E$2:$H$20000,0,MATCH($C$2,元データ!$E$1:$H$1,0)),元データ!$A$2:$A$20000,$A15,元データ!$D$2:$D$20000,$B16,元データ!$B$2:$B$20000,$C$3,元データ!$C$2:$C$20000,J$5) -> 694 | ... N16: =SUMIFS(INDEX(元データ!$E$2:$H$20000,0,MATCH($C$2,元データ!$E$1:$H$1,0)),元データ!$A$2:$A$20000,$A15,元データ!$D$2:$D$20000,$B16,元データ!$B$2:$B$20000,$C$3,元データ!$C$2:$C$20000,N$5) -> 670 | O16: =SUM(C16:N16) -> 8464 | P16: =SUMIFS(INDEX(元データ!$E$2:$H$20000,0,MATCH($C$2,元データ!$E$1:$H$1,0)),元データ!$A$2:$A$20000,$A15,元データ!$D$2:$D$20000,$B16,元データ!$B$2:$B$20000,$D$3) -> 8439 | Q16: =IFERROR(O16/P16,"") -> 1.0029624
B17: ジャケット | C17: =SUMIFS(INDEX(元データ!$E$2:$H$20000,0,MATCH($C$2,元データ!$E$1:$H$1,0)),元データ!$A$2:$A$20000,$A15,元データ!$D$2:$D$20000,$B17,元データ!$B$2:$B$20000,$C$3,元データ!$C$2:$C$20000,C$5) -> 348 | D17: =SUMIFS(INDEX(元データ!$E$2:$H$20000,0,MATCH($C$2,元データ!$E$1:$H$1,0)),元データ!$A$2:$A$20000,$A15,元データ!$D$2:$D$20000,$B17,元データ!$B$2:$B$20000,$C$3,元データ!$C$2:$C$20000,D$5) -> 364 | E17: =SUMIFS(INDEX(元データ!$E$2:$H$20000,0,MATCH($C$2,元データ!$E$1:$H$1,0)),元データ!$A$2:$A$20000,$A15,元データ!$D$2:$D$20000,$B17,元データ!$B$2:$B$20000,$C$3,元データ!$C$2:$C$20000,E$5) -> 630 | F17: =SUMIFS(INDEX(元データ!$E$2:$H$20000,0,MATCH($C$2,元データ!$E$1:$H$1,0)),元データ!$A$2:$A$20000,$A15,元データ!$D$2:$D$20000,$B17,元データ!$B$2:$B$20000,$C$3,元データ!$C$2:$C$20000,F$5) -> 594 | G17: =SUMIFS(INDEX(元データ!$E$2:$H$20000,0,MATCH($C$2,元データ!$E$1:$H$1,0)),元データ!$A$2:$A$20000,$A15,元データ!$D$2:$D$20000,$B17,元データ!$B$2:$B$20000,$C$3,元データ!$C$2:$C$20000,G$5) -> 619 | H17: =SUMIFS(INDEX(元データ!$E$2:$H$20000,0,MATCH($C$2,元データ!$E$1:$H$1,0)),元データ!$A$2:$A$20000,$A15,元データ!$D$2:$D$20000,$B17,元データ!$B$2:$B$20000,$C$3,元データ!$C$2:$C$20000,H$5) -> 371 | I17: =SUMIFS(INDEX(元データ!$E$2:$H$20000,0,MATCH($C$2,元データ!$E$1:$H$1,0)),元データ!$A$2:$A$20000,$A15,元データ!$D$2:$D$20000,$B17,元データ!$B$2:$B$20000,$C$3,元データ!$C$2:$C$20000,I$5) -> 371 | J17: =SUMIFS(INDEX(元データ!$E$2:$H$20000,0,MATCH($C$2,元データ!$E$1:$H$1,0)),元データ!$A$2:$A$20000,$A15,元データ!$D$2:$D$20000,$B17,元データ!$B$2:$B$20000,$C$3,元データ!$C$2:$C$20000,J$5) -> 664 | ... N17: =SUMIFS(INDEX(元データ!$E$2:$H$20000,0,MATCH($C$2,元データ!$E$1:$H$1,0)),元データ!$A$2:$A$20000,$A15,元データ!$D$2:$D$20000,$B17,元データ!$B$2:$B$20000,$C$3,元データ!$C$2:$C$20000,N$5) -> 481 | O17: =SUM(C17:N17) -> 6533 | P17: =SUMIFS(INDEX(元データ!$E$2:$H$20000,0,MATCH($C$2,元データ!$E$1:$H$1,0)),元データ!$A$2:$A$20000,$A15,元データ!$D$2:$D$20000,$B17,元データ!$B$2:$B$20000,$D$3) -> 6730 | Q17: =IFERROR(O17/P17,"") -> 0.97072808
A18: =店舗マスタ!A6 -> 桜堤店 | B18: ワイシャツ | C18: =SUMIFS(INDEX(元データ!$E$2:$H$20000,0,MATCH($C$2,元データ!$E$1:$H$1,0)),元データ!$A$2:$A$20000,$A18,元データ!$D$2:$D$20000,$B18,元データ!$B$2:$B$20000,$C$3,元データ!$C$2:$C$20000,C$5) -> 619 | D18: =SUMIFS(INDEX(元データ!$E$2:$H$20000,0,MATCH($C$2,元データ!$E$1:$H$1,0)),元データ!$A$2:$A$20000,$A18,元データ!$D$2:$D$20000,$B18,元データ!$B$2:$B$20000,$C$3,元データ!$C$2:$C$20000,D$5) -> 846 | E18: =SUMIFS(INDEX(元データ!$E$2:$H$20000,0,MATCH($C$2,元データ!$E$1:$H$1,0)),元データ!$A$2:$A$20000,$A18,元データ!$D$2:$D$20000,$B18,元データ!$B$2:$B$20000,$C$3,元データ!$C$2:$C$20000,E$5) -> 1060 | F18: =SUMIFS(INDEX(元データ!$E$2:$H$20000,0,MATCH($C$2,元データ!$E$1:$H$1,0)),元データ!$A$2:$A$20000,$A18,元データ!$D$2:$D$20000,$B18,元データ!$B$2:$B$20000,$C$3,元データ!$C$2:$C$20000,F$5) -> 909 | G18: =SUMIFS(INDEX(元データ!$E$2:$H$20000,0,MATCH($C$2,元データ!$E$1:$H$1,0)),元データ!$A$2:$A$20000,$A18,元データ!$D$2:$D$20000,$B18,元データ!$B$2:$B$20000,$C$3,元データ!$C$2:$C$20000,G$5) -> 990 | H18: =SUMIFS(INDEX(元データ!$E$2:$H$20000,0,MATCH($C$2,元データ!$E$1:$H$1,0)),元データ!$A$2:$A$20000,$A18,元データ!$D$2:$D$20000,$B18,元データ!$B$2:$B$20000,$C$3,元データ!$C$2:$C$20000,H$5) -> 748 | I18: =SUMIFS(INDEX(元データ!$E$2:$H$20000,0,MATCH($C$2,元データ!$E$1:$H$1,0)),元データ!$A$2:$A$20000,$A18,元データ!$D$2:$D$20000,$B18,元データ!$B$2:$B$20000,$C$3,元データ!$C$2:$C$20000,I$5) -> 750 | J18: =SUMIFS(INDEX(元データ!$E$2:$H$20000,0,MATCH($C$2,元データ!$E$1:$H$1,0)),元データ!$A$2:$A$20000,$A18,元データ!$D$2:$D$20000,$B18,元データ!$B$2:$B$20000,$C$3,元データ!$C$2:$C$20000,J$5) -> 950 | ... N18: =SUMIFS(INDEX(元データ!$E$2:$H$20000,0,MATCH($C$2,元データ!$E$1:$H$1,0)),元データ!$A$2:$A$20000,$A18,元データ!$D$2:$D$20000,$B18,元データ!$B$2:$B$20000,$C$3,元データ!$C$2:$C$20000,N$5) -> 767 | O18: =SUM(C18:N18) -> 10237 | P18: =SUMIFS(INDEX(元データ!$E$2:$H$20000,0,MATCH($C$2,元データ!$E$1:$H$1,0)),元データ!$A$2:$A$20000,$A18,元データ!$D$2:$D$20000,$B18,元データ!$B$2:$B$20000,$D$3) -> 12102 | Q18: =IFERROR(O18/P18,"") -> 0.84589324
B19: ズボン | C19: =SUMIFS(INDEX(元データ!$E$2:$H$20000,0,MATCH($C$2,元データ!$E$1:$H$1,0)),元データ!$A$2:$A$20000,$A18,元データ!$D$2:$D$20000,$B19,元データ!$B$2:$B$20000,$C$3,元データ!$C$2:$C$20000,C$5) -> 455 | D19: =SUMIFS(INDEX(元データ!$E$2:$H$20000,0,MATCH($C$2,元データ!$E$1:$H$1,0)),元データ!$A$2:$A$20000,$A18,元データ!$D$2:$D$20000,$B19,元データ!$B$2:$B$20000,$C$3,元データ!$C$2:$C$20000,D$5) -> 517 | E19: =SUMIFS(INDEX(元データ!$E$2:$H$20000,0,MATCH($C$2,元データ!$E$1:$H$1,0)),元データ!$A$2:$A$20000,$A18,元データ!$D$2:$D$20000,$B19,元データ!$B$2:$B$20000,$C$3,元データ!$C$2:$C$20000,E$5) -> 688 | F19: =SUMIFS(INDEX(元データ!$E$2:$H$20000,0,MATCH($C$2,元データ!$E$1:$H$1,0)),元データ!$A$2:$A$20000,$A18,元データ!$D$2:$D$20000,$B19,元データ!$B$2:$B$20000,$C$3,元データ!$C$2:$C$20000,F$5) -> 598 | G19: =SUMIFS(INDEX(元データ!$E$2:$H$20000,0,MATCH($C$2,元データ!$E$1:$H$1,0)),元データ!$A$2:$A$20000,$A18,元データ!$D$2:$D$20000,$B19,元データ!$B$2:$B$20000,$C$3,元データ!$C$2:$C$20000,G$5) -> 680 | H19: =SUMIFS(INDEX(元データ!$E$2:$H$20000,0,MATCH($C$2,元データ!$E$1:$H$1,0)),元データ!$A$2:$A$20000,$A18,元データ!$D$2:$D$20000,$B19,元データ!$B$2:$B$20000,$C$3,元データ!$C$2:$C$20000,H$5) -> 426 | I19: =SUMIFS(INDEX(元データ!$E$2:$H$20000,0,MATCH($C$2,元データ!$E$1:$H$1,0)),元データ!$A$2:$A$20000,$A18,元データ!$D$2:$D$20000,$B19,元データ!$B$2:$B$20000,$C$3,元データ!$C$2:$C$20000,I$5) -> 339 | J19: =SUMIFS(INDEX(元データ!$E$2:$H$20000,0,MATCH($C$2,元データ!$E$1:$H$1,0)),元データ!$A$2:$A$20000,$A18,元データ!$D$2:$D$20000,$B19,元データ!$B$2:$B$20000,$C$3,元データ!$C$2:$C$20000,J$5) -> 636 | ... N19: =SUMIFS(INDEX(元データ!$E$2:$H$20000,0,MATCH($C$2,元データ!$E$1:$H$1,0)),元データ!$A$2:$A$20000,$A18,元データ!$D$2:$D$20000,$B19,元データ!$B$2:$B$20000,$C$3,元データ!$C$2:$C$20000,N$5) -> 607 | O19: =SUM(C19:N19) -> 6960 | P19: =SUMIFS(INDEX(元データ!$E$2:$H$20000,0,MATCH($C$2,元データ!$E$1:$H$1,0)),元データ!$A$2:$A$20000,$A18,元データ!$D$2:$D$20000,$B19,元データ!$B$2:$B$20000,$D$3) -> 7260 | Q19: =IFERROR(O19/P19,"") -> 0.95867769
B20: ジャケット | C20: =SUMIFS(INDEX(元データ!$E$2:$H$20000,0,MATCH($C$2,元データ!$E$1:$H$1,0)),元データ!$A$2:$A$20000,$A18,元データ!$D$2:$D$20000,$B20,元データ!$B$2:$B$20000,$C$3,元データ!$C$2:$C$20000,C$5) -> 227 | D20: =SUMIFS(INDEX(元データ!$E$2:$H$20000,0,MATCH($C$2,元データ!$E$1:$H$1,0)),元データ!$A$2:$A$20000,$A18,元データ!$D$2:$D$20000,$B20,元データ!$B$2:$B$20000,$C$3,元データ!$C$2:$C$20000,D$5) -> 270 | E20: =SUMIFS(INDEX(元データ!$E$2:$H$20000,0,MATCH($C$2,元データ!$E$1:$H$1,0)),元データ!$A$2:$A$20000,$A18,元データ!$D$2:$D$20000,$B20,元データ!$B$2:$B$20000,$C$3,元データ!$C$2:$C$20000,E$5) -> 418 | F20: =SUMIFS(INDEX(元データ!$E$2:$H$20000,0,MATCH($C$2,元データ!$E$1:$H$1,0)),元データ!$A$2:$A$20000,$A18,元データ!$D$2:$D$20000,$B20,元データ!$B$2:$B$20000,$C$3,元データ!$C$2:$C$20000,F$5) -> 383 | G20: =SUMIFS(INDEX(元データ!$E$2:$H$20000,0,MATCH($C$2,元データ!$E$1:$H$1,0)),元データ!$A$2:$A$20000,$A18,元データ!$D$2:$D$20000,$B20,元データ!$B$2:$B$20000,$C$3,元データ!$C$2:$C$20000,G$5) -> 462 | H20: =SUMIFS(INDEX(元データ!$E$2:$H$20000,0,MATCH($C$2,元データ!$E$1:$H$1,0)),元データ!$A$2:$A$20000,$A18,元データ!$D$2:$D$20000,$B20,元データ!$B$2:$B$20000,$C$3,元データ!$C$2:$C$20000,H$5) -> 367 | I20: =SUMIFS(INDEX(元データ!$E$2:$H$20000,0,MATCH($C$2,元データ!$E$1:$H$1,0)),元データ!$A$2:$A$20000,$A18,元データ!$D$2:$D$20000,$B20,元データ!$B$2:$B$20000,$C$3,元データ!$C$2:$C$20000,I$5) -> 284 | J20: =SUMIFS(INDEX(元データ!$E$2:$H$20000,0,MATCH($C$2,元データ!$E$1:$H$1,0)),元データ!$A$2:$A$20000,$A18,元データ!$D$2:$D$20000,$B20,元データ!$B$2:$B$20000,$C$3,元データ!$C$2:$C$20000,J$5) -> 577 | ... N20: =SUMIFS(INDEX(元データ!$E$2:$H$20000,0,MATCH($C$2,元データ!$E$1:$H$1,0)),元データ!$A$2:$A$20000,$A18,元データ!$D$2:$D$20000,$B20,元データ!$B$2:$B$20000,$C$3,元データ!$C$2:$C$20000,N$5) -> 355 | O20: =SUM(C20:N20) -> 5024 | P20: =SUMIFS(INDEX(元データ!$E$2:$H$20000,0,MATCH($C$2,元データ!$E$1:$H$1,0)),元データ!$A$2:$A$20000,$A18,元データ!$D$2:$D$20000,$B20,元データ!$B$2:$B$20000,$D$3) -> 5068 | Q20: =IFERROR(O20/P20,"") -> 0.99131807
A21: =店舗マスタ!A7 -> 香貫店 | B21: ワイシャツ | C21: =SUMIFS(INDEX(元データ!$E$2:$H$20000,0,MATCH($C$2,元データ!$E$1:$H$1,0)),元データ!$A$2:$A$20000,$A21,元データ!$D$2:$D$20000,$B21,元データ!$B$2:$B$20000,$C$3,元データ!$C$2:$C$20000,C$5) -> 974 | D21: =SUMIFS(INDEX(元データ!$E$2:$H$20000,0,MATCH($C$2,元データ!$E$1:$H$1,0)),元データ!$A$2:$A$20000,$A21,元データ!$D$2:$D$20000,$B21,元データ!$B$2:$B$20000,$C$3,元データ!$C$2:$C$20000,D$5) -> 1106 | E21: =SUMIFS(INDEX(元データ!$E$2:$H$20000,0,MATCH($C$2,元データ!$E$1:$H$1,0)),元データ!$A$2:$A$20000,$A21,元データ!$D$2:$D$20000,$B21,元データ!$B$2:$B$20000,$C$3,元データ!$C$2:$C$20000,E$5) -> 1365 | F21: =SUMIFS(INDEX(元データ!$E$2:$H$20000,0,MATCH($C$2,元データ!$E$1:$H$1,0)),元データ!$A$2:$A$20000,$A21,元データ!$D$2:$D$20000,$B21,元データ!$B$2:$B$20000,$C$3,元データ!$C$2:$C$20000,F$5) -> 1315 | G21: =SUMIFS(INDEX(元データ!$E$2:$H$20000,0,MATCH($C$2,元データ!$E$1:$H$1,0)),元データ!$A$2:$A$20000,$A21,元データ!$D$2:$D$20000,$B21,元データ!$B$2:$B$20000,$C$3,元データ!$C$2:$C$20000,G$5) -> 1364 | H21: =SUMIFS(INDEX(元データ!$E$2:$H$20000,0,MATCH($C$2,元データ!$E$1:$H$1,0)),元データ!$A$2:$A$20000,$A21,元データ!$D$2:$D$20000,$B21,元データ!$B$2:$B$20000,$C$3,元データ!$C$2:$C$20000,H$5) -> 1058 | I21: =SUMIFS(INDEX(元データ!$E$2:$H$20000,0,MATCH($C$2,元データ!$E$1:$H$1,0)),元データ!$A$2:$A$20000,$A21,元データ!$D$2:$D$20000,$B21,元データ!$B$2:$B$20000,$C$3,元データ!$C$2:$C$20000,I$5) -> 987 | J21: =SUMIFS(INDEX(元データ!$E$2:$H$20000,0,MATCH($C$2,元データ!$E$1:$H$1,0)),元データ!$A$2:$A$20000,$A21,元データ!$D$2:$D$20000,$B21,元データ!$B$2:$B$20000,$C$3,元データ!$C$2:$C$20000,J$5) -> 1328 | ... N21: =SUMIFS(INDEX(元データ!$E$2:$H$20000,0,MATCH($C$2,元データ!$E$1:$H$1,0)),元データ!$A$2:$A$20000,$A21,元データ!$D$2:$D$20000,$B21,元データ!$B$2:$B$20000,$C$3,元データ!$C$2:$C$20000,N$5) -> 1455 | O21: =SUM(C21:N21) -> 14417 | P21: =SUMIFS(INDEX(元データ!$E$2:$H$20000,0,MATCH($C$2,元データ!$E$1:$H$1,0)),元データ!$A$2:$A$20000,$A21,元データ!$D$2:$D$20000,$B21,元データ!$B$2:$B$20000,$D$3) -> 16632 | Q21: =IFERROR(O21/P21,"") -> 0.86682299
B22: ズボン | C22: =SUMIFS(INDEX(元データ!$E$2:$H$20000,0,MATCH($C$2,元データ!$E$1:$H$1,0)),元データ!$A$2:$A$20000,$A21,元データ!$D$2:$D$20000,$B22,元データ!$B$2:$B$20000,$C$3,元データ!$C$2:$C$20000,C$5) -> 496 | D22: =SUMIFS(INDEX(元データ!$E$2:$H$20000,0,MATCH($C$2,元データ!$E$1:$H$1,0)),元データ!$A$2:$A$20000,$A21,元データ!$D$2:$D$20000,$B22,元データ!$B$2:$B$20000,$C$3,元データ!$C$2:$C$20000,D$5) -> 496 | E22: =SUMIFS(INDEX(元データ!$E$2:$H$20000,0,MATCH($C$2,元データ!$E$1:$H$1,0)),元データ!$A$2:$A$20000,$A21,元データ!$D$2:$D$20000,$B22,元データ!$B$2:$B$20000,$C$3,元データ!$C$2:$C$20000,E$5) -> 723 | F22: =SUMIFS(INDEX(元データ!$E$2:$H$20000,0,MATCH($C$2,元データ!$E$1:$H$1,0)),元データ!$A$2:$A$20000,$A21,元データ!$D$2:$D$20000,$B22,元データ!$B$2:$B$20000,$C$3,元データ!$C$2:$C$20000,F$5) -> 742 | G22: =SUMIFS(INDEX(元データ!$E$2:$H$20000,0,MATCH($C$2,元データ!$E$1:$H$1,0)),元データ!$A$2:$A$20000,$A21,元データ!$D$2:$D$20000,$B22,元データ!$B$2:$B$20000,$C$3,元データ!$C$2:$C$20000,G$5) -> 675 | H22: =SUMIFS(INDEX(元データ!$E$2:$H$20000,0,MATCH($C$2,元データ!$E$1:$H$1,0)),元データ!$A$2:$A$20000,$A21,元データ!$D$2:$D$20000,$B22,元データ!$B$2:$B$20000,$C$3,元データ!$C$2:$C$20000,H$5) -> 470 | I22: =SUMIFS(INDEX(元データ!$E$2:$H$20000,0,MATCH($C$2,元データ!$E$1:$H$1,0)),元データ!$A$2:$A$20000,$A21,元データ!$D$2:$D$20000,$B22,元データ!$B$2:$B$20000,$C$3,元データ!$C$2:$C$20000,I$5) -> 370 | J22: =SUMIFS(INDEX(元データ!$E$2:$H$20000,0,MATCH($C$2,元データ!$E$1:$H$1,0)),元データ!$A$2:$A$20000,$A21,元データ!$D$2:$D$20000,$B22,元データ!$B$2:$B$20000,$C$3,元データ!$C$2:$C$20000,J$5) -> 554 | ... N22: =SUMIFS(INDEX(元データ!$E$2:$H$20000,0,MATCH($C$2,元データ!$E$1:$H$1,0)),元データ!$A$2:$A$20000,$A21,元データ!$D$2:$D$20000,$B22,元データ!$B$2:$B$20000,$C$3,元データ!$C$2:$C$20000,N$5) -> 743 | O22: =SUM(C22:N22) -> 7313 | P22: =SUMIFS(INDEX(元データ!$E$2:$H$20000,0,MATCH($C$2,元データ!$E$1:$H$1,0)),元データ!$A$2:$A$20000,$A21,元データ!$D$2:$D$20000,$B22,元データ!$B$2:$B$20000,$D$3) -> 7462 | Q22: =IFERROR(O22/P22,"") -> 0.98003216
B23: ジャケット | C23: =SUMIFS(INDEX(元データ!$E$2:$H$20000,0,MATCH($C$2,元データ!$E$1:$H$1,0)),元データ!$A$2:$A$20000,$A21,元データ!$D$2:$D$20000,$B23,元データ!$B$2:$B$20000,$C$3,元データ!$C$2:$C$20000,C$5) -> 259 | D23: =SUMIFS(INDEX(元データ!$E$2:$H$20000,0,MATCH($C$2,元データ!$E$1:$H$1,0)),元データ!$A$2:$A$20000,$A21,元データ!$D$2:$D$20000,$B23,元データ!$B$2:$B$20000,$C$3,元データ!$C$2:$C$20000,D$5) -> 222 | E23: =SUMIFS(INDEX(元データ!$E$2:$H$20000,0,MATCH($C$2,元データ!$E$1:$H$1,0)),元データ!$A$2:$A$20000,$A21,元データ!$D$2:$D$20000,$B23,元データ!$B$2:$B$20000,$C$3,元データ!$C$2:$C$20000,E$5) -> 414 | F23: =SUMIFS(INDEX(元データ!$E$2:$H$20000,0,MATCH($C$2,元データ!$E$1:$H$1,0)),元データ!$A$2:$A$20000,$A21,元データ!$D$2:$D$20000,$B23,元データ!$B$2:$B$20000,$C$3,元データ!$C$2:$C$20000,F$5) -> 434 | G23: =SUMIFS(INDEX(元データ!$E$2:$H$20000,0,MATCH($C$2,元データ!$E$1:$H$1,0)),元データ!$A$2:$A$20000,$A21,元データ!$D$2:$D$20000,$B23,元データ!$B$2:$B$20000,$C$3,元データ!$C$2:$C$20000,G$5) -> 413 | H23: =SUMIFS(INDEX(元データ!$E$2:$H$20000,0,MATCH($C$2,元データ!$E$1:$H$1,0)),元データ!$A$2:$A$20000,$A21,元データ!$D$2:$D$20000,$B23,元データ!$B$2:$B$20000,$C$3,元データ!$C$2:$C$20000,H$5) -> 310 | I23: =SUMIFS(INDEX(元データ!$E$2:$H$20000,0,MATCH($C$2,元データ!$E$1:$H$1,0)),元データ!$A$2:$A$20000,$A21,元データ!$D$2:$D$20000,$B23,元データ!$B$2:$B$20000,$C$3,元データ!$C$2:$C$20000,I$5) -> 218 | J23: =SUMIFS(INDEX(元データ!$E$2:$H$20000,0,MATCH($C$2,元データ!$E$1:$H$1,0)),元データ!$A$2:$A$20000,$A21,元データ!$D$2:$D$20000,$B23,元データ!$B$2:$B$20000,$C$3,元データ!$C$2:$C$20000,J$5) -> 462 | ... N23: =SUMIFS(INDEX(元データ!$E$2:$H$20000,0,MATCH($C$2,元データ!$E$1:$H$1,0)),元データ!$A$2:$A$20000,$A21,元データ!$D$2:$D$20000,$B23,元データ!$B$2:$B$20000,$C$3,元データ!$C$2:$C$20000,N$5) -> 440 | O23: =SUM(C23:N23) -> 4647 | P23: =SUMIFS(INDEX(元データ!$E$2:$H$20000,0,MATCH($C$2,元データ!$E$1:$H$1,0)),元データ!$A$2:$A$20000,$A21,元データ!$D$2:$D$20000,$B23,元データ!$B$2:$B$20000,$D$3) -> 4642 | Q23: =IFERROR(O23/P23,"") -> 1.0010771
A24: =店舗マスタ!A8 -> 学園通り店 | B24: ワイシャツ | C24: =SUMIFS(INDEX(元データ!$E$2:$H$20000,0,MATCH($C$2,元データ!$E$1:$H$1,0)),元データ!$A$2:$A$20000,$A24,元データ!$D$2:$D$20000,$B24,元データ!$B$2:$B$20000,$C$3,元データ!$C$2:$C$20000,C$5) -> 1265 | D24: =SUMIFS(INDEX(元データ!$E$2:$H$20000,0,MATCH($C$2,元データ!$E$1:$H$1,0)),元データ!$A$2:$A$20000,$A24,元データ!$D$2:$D$20000,$B24,元データ!$B$2:$B$20000,$C$3,元データ!$C$2:$C$20000,D$5) -> 1405 | E24: =SUMIFS(INDEX(元データ!$E$2:$H$20000,0,MATCH($C$2,元データ!$E$1:$H$1,0)),元データ!$A$2:$A$20000,$A24,元データ!$D$2:$D$20000,$B24,元データ!$B$2:$B$20000,$C$3,元データ!$C$2:$C$20000,E$5) -> 1812 | F24: =SUMIFS(INDEX(元データ!$E$2:$H$20000,0,MATCH($C$2,元データ!$E$1:$H$1,0)),元データ!$A$2:$A$20000,$A24,元データ!$D$2:$D$20000,$B24,元データ!$B$2:$B$20000,$C$3,元データ!$C$2:$C$20000,F$5) -> 1664 | G24: =SUMIFS(INDEX(元データ!$E$2:$H$20000,0,MATCH($C$2,元データ!$E$1:$H$1,0)),元データ!$A$2:$A$20000,$A24,元データ!$D$2:$D$20000,$B24,元データ!$B$2:$B$20000,$C$3,元データ!$C$2:$C$20000,G$5) -> 1705 | H24: =SUMIFS(INDEX(元データ!$E$2:$H$20000,0,MATCH($C$2,元データ!$E$1:$H$1,0)),元データ!$A$2:$A$20000,$A24,元データ!$D$2:$D$20000,$B24,元データ!$B$2:$B$20000,$C$3,元データ!$C$2:$C$20000,H$5) -> 1212 | I24: =SUMIFS(INDEX(元データ!$E$2:$H$20000,0,MATCH($C$2,元データ!$E$1:$H$1,0)),元データ!$A$2:$A$20000,$A24,元データ!$D$2:$D$20000,$B24,元データ!$B$2:$B$20000,$C$3,元データ!$C$2:$C$20000,I$5) -> 1304 | J24: =SUMIFS(INDEX(元データ!$E$2:$H$20000,0,MATCH($C$2,元データ!$E$1:$H$1,0)),元データ!$A$2:$A$20000,$A24,元データ!$D$2:$D$20000,$B24,元データ!$B$2:$B$20000,$C$3,元データ!$C$2:$C$20000,J$5) -> 1537 | ... N24: =SUMIFS(INDEX(元データ!$E$2:$H$20000,0,MATCH($C$2,元データ!$E$1:$H$1,0)),元データ!$A$2:$A$20000,$A24,元データ!$D$2:$D$20000,$B24,元データ!$B$2:$B$20000,$C$3,元データ!$C$2:$C$20000,N$5) -> 1257 | O24: =SUM(C24:N24) -> 17264 | P24: =SUMIFS(INDEX(元データ!$E$2:$H$20000,0,MATCH($C$2,元データ!$E$1:$H$1,0)),元データ!$A$2:$A$20000,$A24,元データ!$D$2:$D$20000,$B24,元データ!$B$2:$B$20000,$D$3) -> 20458 | Q24: =IFERROR(O24/P24,"") -> 0.84387526
B25: ズボン | C25: =SUMIFS(INDEX(元データ!$E$2:$H$20000,0,MATCH($C$2,元データ!$E$1:$H$1,0)),元データ!$A$2:$A$20000,$A24,元データ!$D$2:$D$20000,$B25,元データ!$B$2:$B$20000,$C$3,元データ!$C$2:$C$20000,C$5) -> 531 | D25: =SUMIFS(INDEX(元データ!$E$2:$H$20000,0,MATCH($C$2,元データ!$E$1:$H$1,0)),元データ!$A$2:$A$20000,$A24,元データ!$D$2:$D$20000,$B25,元データ!$B$2:$B$20000,$C$3,元データ!$C$2:$C$20000,D$5) -> 545 | E25: =SUMIFS(INDEX(元データ!$E$2:$H$20000,0,MATCH($C$2,元データ!$E$1:$H$1,0)),元データ!$A$2:$A$20000,$A24,元データ!$D$2:$D$20000,$B25,元データ!$B$2:$B$20000,$C$3,元データ!$C$2:$C$20000,E$5) -> 743 | F25: =SUMIFS(INDEX(元データ!$E$2:$H$20000,0,MATCH($C$2,元データ!$E$1:$H$1,0)),元データ!$A$2:$A$20000,$A24,元データ!$D$2:$D$20000,$B25,元データ!$B$2:$B$20000,$C$3,元データ!$C$2:$C$20000,F$5) -> 778 | G25: =SUMIFS(INDEX(元データ!$E$2:$H$20000,0,MATCH($C$2,元データ!$E$1:$H$1,0)),元データ!$A$2:$A$20000,$A24,元データ!$D$2:$D$20000,$B25,元データ!$B$2:$B$20000,$C$3,元データ!$C$2:$C$20000,G$5) -> 684 | H25: =SUMIFS(INDEX(元データ!$E$2:$H$20000,0,MATCH($C$2,元データ!$E$1:$H$1,0)),元データ!$A$2:$A$20000,$A24,元データ!$D$2:$D$20000,$B25,元データ!$B$2:$B$20000,$C$3,元データ!$C$2:$C$20000,H$5) -> 419 | I25: =SUMIFS(INDEX(元データ!$E$2:$H$20000,0,MATCH($C$2,元データ!$E$1:$H$1,0)),元データ!$A$2:$A$20000,$A24,元データ!$D$2:$D$20000,$B25,元データ!$B$2:$B$20000,$C$3,元データ!$C$2:$C$20000,I$5) -> 381 | J25: =SUMIFS(INDEX(元データ!$E$2:$H$20000,0,MATCH($C$2,元データ!$E$1:$H$1,0)),元データ!$A$2:$A$20000,$A24,元データ!$D$2:$D$20000,$B25,元データ!$B$2:$B$20000,$C$3,元データ!$C$2:$C$20000,J$5) -> 544 | ... N25: =SUMIFS(INDEX(元データ!$E$2:$H$20000,0,MATCH($C$2,元データ!$E$1:$H$1,0)),元データ!$A$2:$A$20000,$A24,元データ!$D$2:$D$20000,$B25,元データ!$B$2:$B$20000,$C$3,元データ!$C$2:$C$20000,N$5) -> 605 | O25: =SUM(C25:N25) -> 7290 | P25: =SUMIFS(INDEX(元データ!$E$2:$H$20000,0,MATCH($C$2,元データ!$E$1:$H$1,0)),元データ!$A$2:$A$20000,$A24,元データ!$D$2:$D$20000,$B25,元データ!$B$2:$B$20000,$D$3) -> 12928 | Q25: =IFERROR(O25/P25,"") -> 0.56389233
B26: ジャケット | C26: =SUMIFS(INDEX(元データ!$E$2:$H$20000,0,MATCH($C$2,元データ!$E$1:$H$1,0)),元データ!$A$2:$A$20000,$A24,元データ!$D$2:$D$20000,$B26,元データ!$B$2:$B$20000,$C$3,元データ!$C$2:$C$20000,C$5) -> 238 | D26: =SUMIFS(INDEX(元データ!$E$2:$H$20000,0,MATCH($C$2,元データ!$E$1:$H$1,0)),元データ!$A$2:$A$20000,$A24,元データ!$D$2:$D$20000,$B26,元データ!$B$2:$B$20000,$C$3,元データ!$C$2:$C$20000,D$5) -> 231 | E26: =SUMIFS(INDEX(元データ!$E$2:$H$20000,0,MATCH($C$2,元データ!$E$1:$H$1,0)),元データ!$A$2:$A$20000,$A24,元データ!$D$2:$D$20000,$B26,元データ!$B$2:$B$20000,$C$3,元データ!$C$2:$C$20000,E$5) -> 394 | F26: =SUMIFS(INDEX(元データ!$E$2:$H$20000,0,MATCH($C$2,元データ!$E$1:$H$1,0)),元データ!$A$2:$A$20000,$A24,元データ!$D$2:$D$20000,$B26,元データ!$B$2:$B$20000,$C$3,元データ!$C$2:$C$20000,F$5) -> 514 | G26: =SUMIFS(INDEX(元データ!$E$2:$H$20000,0,MATCH($C$2,元データ!$E$1:$H$1,0)),元データ!$A$2:$A$20000,$A24,元データ!$D$2:$D$20000,$B26,元データ!$B$2:$B$20000,$C$3,元データ!$C$2:$C$20000,G$5) -> 489 | H26: =SUMIFS(INDEX(元データ!$E$2:$H$20000,0,MATCH($C$2,元データ!$E$1:$H$1,0)),元データ!$A$2:$A$20000,$A24,元データ!$D$2:$D$20000,$B26,元データ!$B$2:$B$20000,$C$3,元データ!$C$2:$C$20000,H$5) -> 316 | I26: =SUMIFS(INDEX(元データ!$E$2:$H$20000,0,MATCH($C$2,元データ!$E$1:$H$1,0)),元データ!$A$2:$A$20000,$A24,元データ!$D$2:$D$20000,$B26,元データ!$B$2:$B$20000,$C$3,元データ!$C$2:$C$20000,I$5) -> 281 | J26: =SUMIFS(INDEX(元データ!$E$2:$H$20000,0,MATCH($C$2,元データ!$E$1:$H$1,0)),元データ!$A$2:$A$20000,$A24,元データ!$D$2:$D$20000,$B26,元データ!$B$2:$B$20000,$C$3,元データ!$C$2:$C$20000,J$5) -> 423 | ... N26: =SUMIFS(INDEX(元データ!$E$2:$H$20000,0,MATCH($C$2,元データ!$E$1:$H$1,0)),元データ!$A$2:$A$20000,$A24,元データ!$D$2:$D$20000,$B26,元データ!$B$2:$B$20000,$C$3,元データ!$C$2:$C$20000,N$5) -> 307 | O26: =SUM(C26:N26) -> 4714 | P26: =SUMIFS(INDEX(元データ!$E$2:$H$20000,0,MATCH($C$2,元データ!$E$1:$H$1,0)),元データ!$A$2:$A$20000,$A24,元データ!$D$2:$D$20000,$B26,元データ!$B$2:$B$20000,$D$3) -> 4711 | Q26: =IFERROR(O26/P26,"") -> 1.0006368
A27: =店舗マスタ!A9 -> 伏見店 | B27: ワイシャツ | C27: =SUMIFS(INDEX(元データ!$E$2:$H$20000,0,MATCH($C$2,元データ!$E$1:$H$1,0)),元データ!$A$2:$A$20000,$A27,元データ!$D$2:$D$20000,$B27,元データ!$B$2:$B$20000,$C$3,元データ!$C$2:$C$20000,C$5) -> 643 | D27: =SUMIFS(INDEX(元データ!$E$2:$H$20000,0,MATCH($C$2,元データ!$E$1:$H$1,0)),元データ!$A$2:$A$20000,$A27,元データ!$D$2:$D$20000,$B27,元データ!$B$2:$B$20000,$C$3,元データ!$C$2:$C$20000,D$5) -> 636 | E27: =SUMIFS(INDEX(元データ!$E$2:$H$20000,0,MATCH($C$2,元データ!$E$1:$H$1,0)),元データ!$A$2:$A$20000,$A27,元データ!$D$2:$D$20000,$B27,元データ!$B$2:$B$20000,$C$3,元データ!$C$2:$C$20000,E$5) -> 832 | F27: =SUMIFS(INDEX(元データ!$E$2:$H$20000,0,MATCH($C$2,元データ!$E$1:$H$1,0)),元データ!$A$2:$A$20000,$A27,元データ!$D$2:$D$20000,$B27,元データ!$B$2:$B$20000,$C$3,元データ!$C$2:$C$20000,F$5) -> 741 | G27: =SUMIFS(INDEX(元データ!$E$2:$H$20000,0,MATCH($C$2,元データ!$E$1:$H$1,0)),元データ!$A$2:$A$20000,$A27,元データ!$D$2:$D$20000,$B27,元データ!$B$2:$B$20000,$C$3,元データ!$C$2:$C$20000,G$5) -> 841 | H27: =SUMIFS(INDEX(元データ!$E$2:$H$20000,0,MATCH($C$2,元データ!$E$1:$H$1,0)),元データ!$A$2:$A$20000,$A27,元データ!$D$2:$D$20000,$B27,元データ!$B$2:$B$20000,$C$3,元データ!$C$2:$C$20000,H$5) -> 643 | I27: =SUMIFS(INDEX(元データ!$E$2:$H$20000,0,MATCH($C$2,元データ!$E$1:$H$1,0)),元データ!$A$2:$A$20000,$A27,元データ!$D$2:$D$20000,$B27,元データ!$B$2:$B$20000,$C$3,元データ!$C$2:$C$20000,I$5) -> 659 | J27: =SUMIFS(INDEX(元データ!$E$2:$H$20000,0,MATCH($C$2,元データ!$E$1:$H$1,0)),元データ!$A$2:$A$20000,$A27,元データ!$D$2:$D$20000,$B27,元データ!$B$2:$B$20000,$C$3,元データ!$C$2:$C$20000,J$5) -> 868 | ... N27: =SUMIFS(INDEX(元データ!$E$2:$H$20000,0,MATCH($C$2,元データ!$E$1:$H$1,0)),元データ!$A$2:$A$20000,$A27,元データ!$D$2:$D$20000,$B27,元データ!$B$2:$B$20000,$C$3,元データ!$C$2:$C$20000,N$5) -> 0 | O27: =SUM(C27:N27) -> 7411 | P27: =SUMIFS(INDEX(元データ!$E$2:$H$20000,0,MATCH($C$2,元データ!$E$1:$H$1,0)),元データ!$A$2:$A$20000,$A27,元データ!$D$2:$D$20000,$B27,元データ!$B$2:$B$20000,$D$3) -> 8485 | Q27: =IFERROR(O27/P27,"") -> 0.87342369
B28: ズボン | C28: =SUMIFS(INDEX(元データ!$E$2:$H$20000,0,MATCH($C$2,元データ!$E$1:$H$1,0)),元データ!$A$2:$A$20000,$A27,元データ!$D$2:$D$20000,$B28,元データ!$B$2:$B$20000,$C$3,元データ!$C$2:$C$20000,C$5) -> 251 | D28: =SUMIFS(INDEX(元データ!$E$2:$H$20000,0,MATCH($C$2,元データ!$E$1:$H$1,0)),元データ!$A$2:$A$20000,$A27,元データ!$D$2:$D$20000,$B28,元データ!$B$2:$B$20000,$C$3,元データ!$C$2:$C$20000,D$5) -> 313 | E28: =SUMIFS(INDEX(元データ!$E$2:$H$20000,0,MATCH($C$2,元データ!$E$1:$H$1,0)),元データ!$A$2:$A$20000,$A27,元データ!$D$2:$D$20000,$B28,元データ!$B$2:$B$20000,$C$3,元データ!$C$2:$C$20000,E$5) -> 371 | F28: =SUMIFS(INDEX(元データ!$E$2:$H$20000,0,MATCH($C$2,元データ!$E$1:$H$1,0)),元データ!$A$2:$A$20000,$A27,元データ!$D$2:$D$20000,$B28,元データ!$B$2:$B$20000,$C$3,元データ!$C$2:$C$20000,F$5) -> 343 | G28: =SUMIFS(INDEX(元データ!$E$2:$H$20000,0,MATCH($C$2,元データ!$E$1:$H$1,0)),元データ!$A$2:$A$20000,$A27,元データ!$D$2:$D$20000,$B28,元データ!$B$2:$B$20000,$C$3,元データ!$C$2:$C$20000,G$5) -> 369 | H28: =SUMIFS(INDEX(元データ!$E$2:$H$20000,0,MATCH($C$2,元データ!$E$1:$H$1,0)),元データ!$A$2:$A$20000,$A27,元データ!$D$2:$D$20000,$B28,元データ!$B$2:$B$20000,$C$3,元データ!$C$2:$C$20000,H$5) -> 258 | I28: =SUMIFS(INDEX(元データ!$E$2:$H$20000,0,MATCH($C$2,元データ!$E$1:$H$1,0)),元データ!$A$2:$A$20000,$A27,元データ!$D$2:$D$20000,$B28,元データ!$B$2:$B$20000,$C$3,元データ!$C$2:$C$20000,I$5) -> 220 | J28: =SUMIFS(INDEX(元データ!$E$2:$H$20000,0,MATCH($C$2,元データ!$E$1:$H$1,0)),元データ!$A$2:$A$20000,$A27,元データ!$D$2:$D$20000,$B28,元データ!$B$2:$B$20000,$C$3,元データ!$C$2:$C$20000,J$5) -> 346 | ... N28: =SUMIFS(INDEX(元データ!$E$2:$H$20000,0,MATCH($C$2,元データ!$E$1:$H$1,0)),元データ!$A$2:$A$20000,$A27,元データ!$D$2:$D$20000,$B28,元データ!$B$2:$B$20000,$C$3,元データ!$C$2:$C$20000,N$5) -> 0 | O28: =SUM(C28:N28) -> 3300 | P28: =SUMIFS(INDEX(元データ!$E$2:$H$20000,0,MATCH($C$2,元データ!$E$1:$H$1,0)),元データ!$A$2:$A$20000,$A27,元データ!$D$2:$D$20000,$B28,元データ!$B$2:$B$20000,$D$3) -> 3291 | Q28: =IFERROR(O28/P28,"") -> 1.0027347
B29: ジャケット | C29: =SUMIFS(INDEX(元データ!$E$2:$H$20000,0,MATCH($C$2,元データ!$E$1:$H$1,0)),元データ!$A$2:$A$20000,$A27,元データ!$D$2:$D$20000,$B29,元データ!$B$2:$B$20000,$C$3,元データ!$C$2:$C$20000,C$5) -> 106 | D29: =SUMIFS(INDEX(元データ!$E$2:$H$20000,0,MATCH($C$2,元データ!$E$1:$H$1,0)),元データ!$A$2:$A$20000,$A27,元データ!$D$2:$D$20000,$B29,元データ!$B$2:$B$20000,$C$3,元データ!$C$2:$C$20000,D$5) -> 162 | E29: =SUMIFS(INDEX(元データ!$E$2:$H$20000,0,MATCH($C$2,元データ!$E$1:$H$1,0)),元データ!$A$2:$A$20000,$A27,元データ!$D$2:$D$20000,$B29,元データ!$B$2:$B$20000,$C$3,元データ!$C$2:$C$20000,E$5) -> 233 | F29: =SUMIFS(INDEX(元データ!$E$2:$H$20000,0,MATCH($C$2,元データ!$E$1:$H$1,0)),元データ!$A$2:$A$20000,$A27,元データ!$D$2:$D$20000,$B29,元データ!$B$2:$B$20000,$C$3,元データ!$C$2:$C$20000,F$5) -> 230 | G29: =SUMIFS(INDEX(元データ!$E$2:$H$20000,0,MATCH($C$2,元データ!$E$1:$H$1,0)),元データ!$A$2:$A$20000,$A27,元データ!$D$2:$D$20000,$B29,元データ!$B$2:$B$20000,$C$3,元データ!$C$2:$C$20000,G$5) -> 263 | H29: =SUMIFS(INDEX(元データ!$E$2:$H$20000,0,MATCH($C$2,元データ!$E$1:$H$1,0)),元データ!$A$2:$A$20000,$A27,元データ!$D$2:$D$20000,$B29,元データ!$B$2:$B$20000,$C$3,元データ!$C$2:$C$20000,H$5) -> 131 | I29: =SUMIFS(INDEX(元データ!$E$2:$H$20000,0,MATCH($C$2,元データ!$E$1:$H$1,0)),元データ!$A$2:$A$20000,$A27,元データ!$D$2:$D$20000,$B29,元データ!$B$2:$B$20000,$C$3,元データ!$C$2:$C$20000,I$5) -> 128 | J29: =SUMIFS(INDEX(元データ!$E$2:$H$20000,0,MATCH($C$2,元データ!$E$1:$H$1,0)),元データ!$A$2:$A$20000,$A27,元データ!$D$2:$D$20000,$B29,元データ!$B$2:$B$20000,$C$3,元データ!$C$2:$C$20000,J$5) -> 285 | ... N29: =SUMIFS(INDEX(元データ!$E$2:$H$20000,0,MATCH($C$2,元データ!$E$1:$H$1,0)),元データ!$A$2:$A$20000,$A27,元データ!$D$2:$D$20000,$B29,元データ!$B$2:$B$20000,$C$3,元データ!$C$2:$C$20000,N$5) -> 0 | O29: =SUM(C29:N29) -> 2109 | P29: =SUMIFS(INDEX(元データ!$E$2:$H$20000,0,MATCH($C$2,元データ!$E$1:$H$1,0)),元データ!$A$2:$A$20000,$A27,元データ!$D$2:$D$20000,$B29,元データ!$B$2:$B$20000,$D$3) -> 2259 | Q29: =IFERROR(O29/P29,"") -> 0.93359894
A30: =店舗マスタ!A10 -> 原里店 | B30: ワイシャツ | C30: =SUMIFS(INDEX(元データ!$E$2:$H$20000,0,MATCH($C$2,元データ!$E$1:$H$1,0)),元データ!$A$2:$A$20000,$A30,元データ!$D$2:$D$20000,$B30,元データ!$B$2:$B$20000,$C$3,元データ!$C$2:$C$20000,C$5) -> 427 | D30: =SUMIFS(INDEX(元データ!$E$2:$H$20000,0,MATCH($C$2,元データ!$E$1:$H$1,0)),元データ!$A$2:$A$20000,$A30,元データ!$D$2:$D$20000,$B30,元データ!$B$2:$B$20000,$C$3,元データ!$C$2:$C$20000,D$5) -> 603 | E30: =SUMIFS(INDEX(元データ!$E$2:$H$20000,0,MATCH($C$2,元データ!$E$1:$H$1,0)),元データ!$A$2:$A$20000,$A30,元データ!$D$2:$D$20000,$B30,元データ!$B$2:$B$20000,$C$3,元データ!$C$2:$C$20000,E$5) -> 786 | F30: =SUMIFS(INDEX(元データ!$E$2:$H$20000,0,MATCH($C$2,元データ!$E$1:$H$1,0)),元データ!$A$2:$A$20000,$A30,元データ!$D$2:$D$20000,$B30,元データ!$B$2:$B$20000,$C$3,元データ!$C$2:$C$20000,F$5) -> 603 | G30: =SUMIFS(INDEX(元データ!$E$2:$H$20000,0,MATCH($C$2,元データ!$E$1:$H$1,0)),元データ!$A$2:$A$20000,$A30,元データ!$D$2:$D$20000,$B30,元データ!$B$2:$B$20000,$C$3,元データ!$C$2:$C$20000,G$5) -> 658 | H30: =SUMIFS(INDEX(元データ!$E$2:$H$20000,0,MATCH($C$2,元データ!$E$1:$H$1,0)),元データ!$A$2:$A$20000,$A30,元データ!$D$2:$D$20000,$B30,元データ!$B$2:$B$20000,$C$3,元データ!$C$2:$C$20000,H$5) -> 479 | I30: =SUMIFS(INDEX(元データ!$E$2:$H$20000,0,MATCH($C$2,元データ!$E$1:$H$1,0)),元データ!$A$2:$A$20000,$A30,元データ!$D$2:$D$20000,$B30,元データ!$B$2:$B$20000,$C$3,元データ!$C$2:$C$20000,I$5) -> 448 | J30: =SUMIFS(INDEX(元データ!$E$2:$H$20000,0,MATCH($C$2,元データ!$E$1:$H$1,0)),元データ!$A$2:$A$20000,$A30,元データ!$D$2:$D$20000,$B30,元データ!$B$2:$B$20000,$C$3,元データ!$C$2:$C$20000,J$5) -> 637 | ... N30: =SUMIFS(INDEX(元データ!$E$2:$H$20000,0,MATCH($C$2,元データ!$E$1:$H$1,0)),元データ!$A$2:$A$20000,$A30,元データ!$D$2:$D$20000,$B30,元データ!$B$2:$B$20000,$C$3,元データ!$C$2:$C$20000,N$5) -> 605 | O30: =SUM(C30:N30) -> 6977 | P30: =SUMIFS(INDEX(元データ!$E$2:$H$20000,0,MATCH($C$2,元データ!$E$1:$H$1,0)),元データ!$A$2:$A$20000,$A30,元データ!$D$2:$D$20000,$B30,元データ!$B$2:$B$20000,$D$3) -> 7747 | Q30: =IFERROR(O30/P30,"") -> 0.90060669
B31: ズボン | C31: =SUMIFS(INDEX(元データ!$E$2:$H$20000,0,MATCH($C$2,元データ!$E$1:$H$1,0)),元データ!$A$2:$A$20000,$A30,元データ!$D$2:$D$20000,$B31,元データ!$B$2:$B$20000,$C$3,元データ!$C$2:$C$20000,C$5) -> 358 | D31: =SUMIFS(INDEX(元データ!$E$2:$H$20000,0,MATCH($C$2,元データ!$E$1:$H$1,0)),元データ!$A$2:$A$20000,$A30,元データ!$D$2:$D$20000,$B31,元データ!$B$2:$B$20000,$C$3,元データ!$C$2:$C$20000,D$5) -> 437 | E31: =SUMIFS(INDEX(元データ!$E$2:$H$20000,0,MATCH($C$2,元データ!$E$1:$H$1,0)),元データ!$A$2:$A$20000,$A30,元データ!$D$2:$D$20000,$B31,元データ!$B$2:$B$20000,$C$3,元データ!$C$2:$C$20000,E$5) -> 556 | F31: =SUMIFS(INDEX(元データ!$E$2:$H$20000,0,MATCH($C$2,元データ!$E$1:$H$1,0)),元データ!$A$2:$A$20000,$A30,元データ!$D$2:$D$20000,$B31,元データ!$B$2:$B$20000,$C$3,元データ!$C$2:$C$20000,F$5) -> 396 | G31: =SUMIFS(INDEX(元データ!$E$2:$H$20000,0,MATCH($C$2,元データ!$E$1:$H$1,0)),元データ!$A$2:$A$20000,$A30,元データ!$D$2:$D$20000,$B31,元データ!$B$2:$B$20000,$C$3,元データ!$C$2:$C$20000,G$5) -> 424 | H31: =SUMIFS(INDEX(元データ!$E$2:$H$20000,0,MATCH($C$2,元データ!$E$1:$H$1,0)),元データ!$A$2:$A$20000,$A30,元データ!$D$2:$D$20000,$B31,元データ!$B$2:$B$20000,$C$3,元データ!$C$2:$C$20000,H$5) -> 320 | I31: =SUMIFS(INDEX(元データ!$E$2:$H$20000,0,MATCH($C$2,元データ!$E$1:$H$1,0)),元データ!$A$2:$A$20000,$A30,元データ!$D$2:$D$20000,$B31,元データ!$B$2:$B$20000,$C$3,元データ!$C$2:$C$20000,I$5) -> 260 | J31: =SUMIFS(INDEX(元データ!$E$2:$H$20000,0,MATCH($C$2,元データ!$E$1:$H$1,0)),元データ!$A$2:$A$20000,$A30,元データ!$D$2:$D$20000,$B31,元データ!$B$2:$B$20000,$C$3,元データ!$C$2:$C$20000,J$5) -> 401 | ... N31: =SUMIFS(INDEX(元データ!$E$2:$H$20000,0,MATCH($C$2,元データ!$E$1:$H$1,0)),元データ!$A$2:$A$20000,$A30,元データ!$D$2:$D$20000,$B31,元データ!$B$2:$B$20000,$C$3,元データ!$C$2:$C$20000,N$5) -> 467 | O31: =SUM(C31:N31) -> 4977 | P31: =SUMIFS(INDEX(元データ!$E$2:$H$20000,0,MATCH($C$2,元データ!$E$1:$H$1,0)),元データ!$A$2:$A$20000,$A30,元データ!$D$2:$D$20000,$B31,元データ!$B$2:$B$20000,$D$3) -> 5463 | Q31: =IFERROR(O31/P31,"") -> 0.91103789
B32: ジャケット | C32: =SUMIFS(INDEX(元データ!$E$2:$H$20000,0,MATCH($C$2,元データ!$E$1:$H$1,0)),元データ!$A$2:$A$20000,$A30,元データ!$D$2:$D$20000,$B32,元データ!$B$2:$B$20000,$C$3,元データ!$C$2:$C$20000,C$5) -> 210 | D32: =SUMIFS(INDEX(元データ!$E$2:$H$20000,0,MATCH($C$2,元データ!$E$1:$H$1,0)),元データ!$A$2:$A$20000,$A30,元データ!$D$2:$D$20000,$B32,元データ!$B$2:$B$20000,$C$3,元データ!$C$2:$C$20000,D$5) -> 294 | E32: =SUMIFS(INDEX(元データ!$E$2:$H$20000,0,MATCH($C$2,元データ!$E$1:$H$1,0)),元データ!$A$2:$A$20000,$A30,元データ!$D$2:$D$20000,$B32,元データ!$B$2:$B$20000,$C$3,元データ!$C$2:$C$20000,E$5) -> 412 | F32: =SUMIFS(INDEX(元データ!$E$2:$H$20000,0,MATCH($C$2,元データ!$E$1:$H$1,0)),元データ!$A$2:$A$20000,$A30,元データ!$D$2:$D$20000,$B32,元データ!$B$2:$B$20000,$C$3,元データ!$C$2:$C$20000,F$5) -> 318 | G32: =SUMIFS(INDEX(元データ!$E$2:$H$20000,0,MATCH($C$2,元データ!$E$1:$H$1,0)),元データ!$A$2:$A$20000,$A30,元データ!$D$2:$D$20000,$B32,元データ!$B$2:$B$20000,$C$3,元データ!$C$2:$C$20000,G$5) -> 410 | H32: =SUMIFS(INDEX(元データ!$E$2:$H$20000,0,MATCH($C$2,元データ!$E$1:$H$1,0)),元データ!$A$2:$A$20000,$A30,元データ!$D$2:$D$20000,$B32,元データ!$B$2:$B$20000,$C$3,元データ!$C$2:$C$20000,H$5) -> 298 | I32: =SUMIFS(INDEX(元データ!$E$2:$H$20000,0,MATCH($C$2,元データ!$E$1:$H$1,0)),元データ!$A$2:$A$20000,$A30,元データ!$D$2:$D$20000,$B32,元データ!$B$2:$B$20000,$C$3,元データ!$C$2:$C$20000,I$5) -> 238 | J32: =SUMIFS(INDEX(元データ!$E$2:$H$20000,0,MATCH($C$2,元データ!$E$1:$H$1,0)),元データ!$A$2:$A$20000,$A30,元データ!$D$2:$D$20000,$B32,元データ!$B$2:$B$20000,$C$3,元データ!$C$2:$C$20000,J$5) -> 373 | ... N32: =SUMIFS(INDEX(元データ!$E$2:$H$20000,0,MATCH($C$2,元データ!$E$1:$H$1,0)),元データ!$A$2:$A$20000,$A30,元データ!$D$2:$D$20000,$B32,元データ!$B$2:$B$20000,$C$3,元データ!$C$2:$C$20000,N$5) -> 366 | O32: =SUM(C32:N32) -> 4193 | P32: =SUMIFS(INDEX(元データ!$E$2:$H$20000,0,MATCH($C$2,元データ!$E$1:$H$1,0)),元データ!$A$2:$A$20000,$A30,元データ!$D$2:$D$20000,$B32,元データ!$B$2:$B$20000,$D$3) -> 4531 | Q32: =IFERROR(O32/P32,"") -> 0.92540278
A33: =店舗マスタ!A11 -> 岡の宮店 | B33: ワイシャツ | C33: =SUMIFS(INDEX(元データ!$E$2:$H$20000,0,MATCH($C$2,元データ!$E$1:$H$1,0)),元データ!$A$2:$A$20000,$A33,元データ!$D$2:$D$20000,$B33,元データ!$B$2:$B$20000,$C$3,元データ!$C$2:$C$20000,C$5) -> 1134 | D33: =SUMIFS(INDEX(元データ!$E$2:$H$20000,0,MATCH($C$2,元データ!$E$1:$H$1,0)),元データ!$A$2:$A$20000,$A33,元データ!$D$2:$D$20000,$B33,元データ!$B$2:$B$20000,$C$3,元データ!$C$2:$C$20000,D$5) -> 1274 | E33: =SUMIFS(INDEX(元データ!$E$2:$H$20000,0,MATCH($C$2,元データ!$E$1:$H$1,0)),元データ!$A$2:$A$20000,$A33,元データ!$D$2:$D$20000,$B33,元データ!$B$2:$B$20000,$C$3,元データ!$C$2:$C$20000,E$5) -> 1606 | F33: =SUMIFS(INDEX(元データ!$E$2:$H$20000,0,MATCH($C$2,元データ!$E$1:$H$1,0)),元データ!$A$2:$A$20000,$A33,元データ!$D$2:$D$20000,$B33,元データ!$B$2:$B$20000,$C$3,元データ!$C$2:$C$20000,F$5) -> 1478 | G33: =SUMIFS(INDEX(元データ!$E$2:$H$20000,0,MATCH($C$2,元データ!$E$1:$H$1,0)),元データ!$A$2:$A$20000,$A33,元データ!$D$2:$D$20000,$B33,元データ!$B$2:$B$20000,$C$3,元データ!$C$2:$C$20000,G$5) -> 1472 | H33: =SUMIFS(INDEX(元データ!$E$2:$H$20000,0,MATCH($C$2,元データ!$E$1:$H$1,0)),元データ!$A$2:$A$20000,$A33,元データ!$D$2:$D$20000,$B33,元データ!$B$2:$B$20000,$C$3,元データ!$C$2:$C$20000,H$5) -> 1050 | I33: =SUMIFS(INDEX(元データ!$E$2:$H$20000,0,MATCH($C$2,元データ!$E$1:$H$1,0)),元データ!$A$2:$A$20000,$A33,元データ!$D$2:$D$20000,$B33,元データ!$B$2:$B$20000,$C$3,元データ!$C$2:$C$20000,I$5) -> 1071 | J33: =SUMIFS(INDEX(元データ!$E$2:$H$20000,0,MATCH($C$2,元データ!$E$1:$H$1,0)),元データ!$A$2:$A$20000,$A33,元データ!$D$2:$D$20000,$B33,元データ!$B$2:$B$20000,$C$3,元データ!$C$2:$C$20000,J$5) -> 1338 | ... N33: =SUMIFS(INDEX(元データ!$E$2:$H$20000,0,MATCH($C$2,元データ!$E$1:$H$1,0)),元データ!$A$2:$A$20000,$A33,元データ!$D$2:$D$20000,$B33,元データ!$B$2:$B$20000,$C$3,元データ!$C$2:$C$20000,N$5) -> 1292 | O33: =SUM(C33:N33) -> 15612 | P33: =SUMIFS(INDEX(元データ!$E$2:$H$20000,0,MATCH($C$2,元データ!$E$1:$H$1,0)),元データ!$A$2:$A$20000,$A33,元データ!$D$2:$D$20000,$B33,元データ!$B$2:$B$20000,$D$3) -> 17529 | Q33: =IFERROR(O33/P33,"") -> 0.89063837
B34: ズボン | C34: =SUMIFS(INDEX(元データ!$E$2:$H$20000,0,MATCH($C$2,元データ!$E$1:$H$1,0)),元データ!$A$2:$A$20000,$A33,元データ!$D$2:$D$20000,$B34,元データ!$B$2:$B$20000,$C$3,元データ!$C$2:$C$20000,C$5) -> 639 | D34: =SUMIFS(INDEX(元データ!$E$2:$H$20000,0,MATCH($C$2,元データ!$E$1:$H$1,0)),元データ!$A$2:$A$20000,$A33,元データ!$D$2:$D$20000,$B34,元データ!$B$2:$B$20000,$C$3,元データ!$C$2:$C$20000,D$5) -> 642 | E34: =SUMIFS(INDEX(元データ!$E$2:$H$20000,0,MATCH($C$2,元データ!$E$1:$H$1,0)),元データ!$A$2:$A$20000,$A33,元データ!$D$2:$D$20000,$B34,元データ!$B$2:$B$20000,$C$3,元データ!$C$2:$C$20000,E$5) -> 843 | F34: =SUMIFS(INDEX(元データ!$E$2:$H$20000,0,MATCH($C$2,元データ!$E$1:$H$1,0)),元データ!$A$2:$A$20000,$A33,元データ!$D$2:$D$20000,$B34,元データ!$B$2:$B$20000,$C$3,元データ!$C$2:$C$20000,F$5) -> 925 | G34: =SUMIFS(INDEX(元データ!$E$2:$H$20000,0,MATCH($C$2,元データ!$E$1:$H$1,0)),元データ!$A$2:$A$20000,$A33,元データ!$D$2:$D$20000,$B34,元データ!$B$2:$B$20000,$C$3,元データ!$C$2:$C$20000,G$5) -> 912 | H34: =SUMIFS(INDEX(元データ!$E$2:$H$20000,0,MATCH($C$2,元データ!$E$1:$H$1,0)),元データ!$A$2:$A$20000,$A33,元データ!$D$2:$D$20000,$B34,元データ!$B$2:$B$20000,$C$3,元データ!$C$2:$C$20000,H$5) -> 461 | I34: =SUMIFS(INDEX(元データ!$E$2:$H$20000,0,MATCH($C$2,元データ!$E$1:$H$1,0)),元データ!$A$2:$A$20000,$A33,元データ!$D$2:$D$20000,$B34,元データ!$B$2:$B$20000,$C$3,元データ!$C$2:$C$20000,I$5) -> 496 | J34: =SUMIFS(INDEX(元データ!$E$2:$H$20000,0,MATCH($C$2,元データ!$E$1:$H$1,0)),元データ!$A$2:$A$20000,$A33,元データ!$D$2:$D$20000,$B34,元データ!$B$2:$B$20000,$C$3,元データ!$C$2:$C$20000,J$5) -> 767 | ... N34: =SUMIFS(INDEX(元データ!$E$2:$H$20000,0,MATCH($C$2,元データ!$E$1:$H$1,0)),元データ!$A$2:$A$20000,$A33,元データ!$D$2:$D$20000,$B34,元データ!$B$2:$B$20000,$C$3,元データ!$C$2:$C$20000,N$5) -> 737 | O34: =SUM(C34:N34) -> 8900 | P34: =SUMIFS(INDEX(元データ!$E$2:$H$20000,0,MATCH($C$2,元データ!$E$1:$H$1,0)),元データ!$A$2:$A$20000,$A33,元データ!$D$2:$D$20000,$B34,元データ!$B$2:$B$20000,$D$3) -> 9207 | Q34: =IFERROR(O34/P34,"") -> 0.96665581
B35: ジャケット | C35: =SUMIFS(INDEX(元データ!$E$2:$H$20000,0,MATCH($C$2,元データ!$E$1:$H$1,0)),元データ!$A$2:$A$20000,$A33,元データ!$D$2:$D$20000,$B35,元データ!$B$2:$B$20000,$C$3,元データ!$C$2:$C$20000,C$5) -> 305 | D35: =SUMIFS(INDEX(元データ!$E$2:$H$20000,0,MATCH($C$2,元データ!$E$1:$H$1,0)),元データ!$A$2:$A$20000,$A33,元データ!$D$2:$D$20000,$B35,元データ!$B$2:$B$20000,$C$3,元データ!$C$2:$C$20000,D$5) -> 316 | E35: =SUMIFS(INDEX(元データ!$E$2:$H$20000,0,MATCH($C$2,元データ!$E$1:$H$1,0)),元データ!$A$2:$A$20000,$A33,元データ!$D$2:$D$20000,$B35,元データ!$B$2:$B$20000,$C$3,元データ!$C$2:$C$20000,E$5) -> 541 | F35: =SUMIFS(INDEX(元データ!$E$2:$H$20000,0,MATCH($C$2,元データ!$E$1:$H$1,0)),元データ!$A$2:$A$20000,$A33,元データ!$D$2:$D$20000,$B35,元データ!$B$2:$B$20000,$C$3,元データ!$C$2:$C$20000,F$5) -> 637 | G35: =SUMIFS(INDEX(元データ!$E$2:$H$20000,0,MATCH($C$2,元データ!$E$1:$H$1,0)),元データ!$A$2:$A$20000,$A33,元データ!$D$2:$D$20000,$B35,元データ!$B$2:$B$20000,$C$3,元データ!$C$2:$C$20000,G$5) -> 685 | H35: =SUMIFS(INDEX(元データ!$E$2:$H$20000,0,MATCH($C$2,元データ!$E$1:$H$1,0)),元データ!$A$2:$A$20000,$A33,元データ!$D$2:$D$20000,$B35,元データ!$B$2:$B$20000,$C$3,元データ!$C$2:$C$20000,H$5) -> 423 | I35: =SUMIFS(INDEX(元データ!$E$2:$H$20000,0,MATCH($C$2,元データ!$E$1:$H$1,0)),元データ!$A$2:$A$20000,$A33,元データ!$D$2:$D$20000,$B35,元データ!$B$2:$B$20000,$C$3,元データ!$C$2:$C$20000,I$5) -> 399 | J35: =SUMIFS(INDEX(元データ!$E$2:$H$20000,0,MATCH($C$2,元データ!$E$1:$H$1,0)),元データ!$A$2:$A$20000,$A33,元データ!$D$2:$D$20000,$B35,元データ!$B$2:$B$20000,$C$3,元データ!$C$2:$C$20000,J$5) -> 697 | ... N35: =SUMIFS(INDEX(元データ!$E$2:$H$20000,0,MATCH($C$2,元データ!$E$1:$H$1,0)),元データ!$A$2:$A$20000,$A33,元データ!$D$2:$D$20000,$B35,元データ!$B$2:$B$20000,$C$3,元データ!$C$2:$C$20000,N$5) -> 476 | O35: =SUM(C35:N35) -> 6440 | P35: =SUMIFS(INDEX(元データ!$E$2:$H$20000,0,MATCH($C$2,元データ!$E$1:$H$1,0)),元データ!$A$2:$A$20000,$A33,元データ!$D$2:$D$20000,$B35,元データ!$B$2:$B$20000,$D$3) -> 6404 | Q35: =IFERROR(O35/P35,"") -> 1.0056215
A36: =店舗マスタ!A12 -> 川島田店 | B36: ワイシャツ | C36: =SUMIFS(INDEX(元データ!$E$2:$H$20000,0,MATCH($C$2,元データ!$E$1:$H$1,0)),元データ!$A$2:$A$20000,$A36,元データ!$D$2:$D$20000,$B36,元データ!$B$2:$B$20000,$C$3,元データ!$C$2:$C$20000,C$5) -> 697 | D36: =SUMIFS(INDEX(元データ!$E$2:$H$20000,0,MATCH($C$2,元データ!$E$1:$H$1,0)),元データ!$A$2:$A$20000,$A36,元データ!$D$2:$D$20000,$B36,元データ!$B$2:$B$20000,$C$3,元データ!$C$2:$C$20000,D$5) -> 808 | E36: =SUMIFS(INDEX(元データ!$E$2:$H$20000,0,MATCH($C$2,元データ!$E$1:$H$1,0)),元データ!$A$2:$A$20000,$A36,元データ!$D$2:$D$20000,$B36,元データ!$B$2:$B$20000,$C$3,元データ!$C$2:$C$20000,E$5) -> 947 | F36: =SUMIFS(INDEX(元データ!$E$2:$H$20000,0,MATCH($C$2,元データ!$E$1:$H$1,0)),元データ!$A$2:$A$20000,$A36,元データ!$D$2:$D$20000,$B36,元データ!$B$2:$B$20000,$C$3,元データ!$C$2:$C$20000,F$5) -> 782 | G36: =SUMIFS(INDEX(元データ!$E$2:$H$20000,0,MATCH($C$2,元データ!$E$1:$H$1,0)),元データ!$A$2:$A$20000,$A36,元データ!$D$2:$D$20000,$B36,元データ!$B$2:$B$20000,$C$3,元データ!$C$2:$C$20000,G$5) -> 879 | H36: =SUMIFS(INDEX(元データ!$E$2:$H$20000,0,MATCH($C$2,元データ!$E$1:$H$1,0)),元データ!$A$2:$A$20000,$A36,元データ!$D$2:$D$20000,$B36,元データ!$B$2:$B$20000,$C$3,元データ!$C$2:$C$20000,H$5) -> 664 | I36: =SUMIFS(INDEX(元データ!$E$2:$H$20000,0,MATCH($C$2,元データ!$E$1:$H$1,0)),元データ!$A$2:$A$20000,$A36,元データ!$D$2:$D$20000,$B36,元データ!$B$2:$B$20000,$C$3,元データ!$C$2:$C$20000,I$5) -> 666 | J36: =SUMIFS(INDEX(元データ!$E$2:$H$20000,0,MATCH($C$2,元データ!$E$1:$H$1,0)),元データ!$A$2:$A$20000,$A36,元データ!$D$2:$D$20000,$B36,元データ!$B$2:$B$20000,$C$3,元データ!$C$2:$C$20000,J$5) -> 786 | ... N36: =SUMIFS(INDEX(元データ!$E$2:$H$20000,0,MATCH($C$2,元データ!$E$1:$H$1,0)),元データ!$A$2:$A$20000,$A36,元データ!$D$2:$D$20000,$B36,元データ!$B$2:$B$20000,$C$3,元データ!$C$2:$C$20000,N$5) -> 777 | O36: =SUM(C36:N36) -> 9192 | P36: =SUMIFS(INDEX(元データ!$E$2:$H$20000,0,MATCH($C$2,元データ!$E$1:$H$1,0)),元データ!$A$2:$A$20000,$A36,元データ!$D$2:$D$20000,$B36,元データ!$B$2:$B$20000,$D$3) -> 10515 | Q36: =IFERROR(O36/P36,"") -> 0.87417974
B37: ズボン | C37: =SUMIFS(INDEX(元データ!$E$2:$H$20000,0,MATCH($C$2,元データ!$E$1:$H$1,0)),元データ!$A$2:$A$20000,$A36,元データ!$D$2:$D$20000,$B37,元データ!$B$2:$B$20000,$C$3,元データ!$C$2:$C$20000,C$5) -> 362 | D37: =SUMIFS(INDEX(元データ!$E$2:$H$20000,0,MATCH($C$2,元データ!$E$1:$H$1,0)),元データ!$A$2:$A$20000,$A36,元データ!$D$2:$D$20000,$B37,元データ!$B$2:$B$20000,$C$3,元データ!$C$2:$C$20000,D$5) -> 419 | E37: =SUMIFS(INDEX(元データ!$E$2:$H$20000,0,MATCH($C$2,元データ!$E$1:$H$1,0)),元データ!$A$2:$A$20000,$A36,元データ!$D$2:$D$20000,$B37,元データ!$B$2:$B$20000,$C$3,元データ!$C$2:$C$20000,E$5) -> 539 | F37: =SUMIFS(INDEX(元データ!$E$2:$H$20000,0,MATCH($C$2,元データ!$E$1:$H$1,0)),元データ!$A$2:$A$20000,$A36,元データ!$D$2:$D$20000,$B37,元データ!$B$2:$B$20000,$C$3,元データ!$C$2:$C$20000,F$5) -> 430 | G37: =SUMIFS(INDEX(元データ!$E$2:$H$20000,0,MATCH($C$2,元データ!$E$1:$H$1,0)),元データ!$A$2:$A$20000,$A36,元データ!$D$2:$D$20000,$B37,元データ!$B$2:$B$20000,$C$3,元データ!$C$2:$C$20000,G$5) -> 411 | H37: =SUMIFS(INDEX(元データ!$E$2:$H$20000,0,MATCH($C$2,元データ!$E$1:$H$1,0)),元データ!$A$2:$A$20000,$A36,元データ!$D$2:$D$20000,$B37,元データ!$B$2:$B$20000,$C$3,元データ!$C$2:$C$20000,H$5) -> 320 | I37: =SUMIFS(INDEX(元データ!$E$2:$H$20000,0,MATCH($C$2,元データ!$E$1:$H$1,0)),元データ!$A$2:$A$20000,$A36,元データ!$D$2:$D$20000,$B37,元データ!$B$2:$B$20000,$C$3,元データ!$C$2:$C$20000,I$5) -> 264 | J37: =SUMIFS(INDEX(元データ!$E$2:$H$20000,0,MATCH($C$2,元データ!$E$1:$H$1,0)),元データ!$A$2:$A$20000,$A36,元データ!$D$2:$D$20000,$B37,元データ!$B$2:$B$20000,$C$3,元データ!$C$2:$C$20000,J$5) -> 388 | ... N37: =SUMIFS(INDEX(元データ!$E$2:$H$20000,0,MATCH($C$2,元データ!$E$1:$H$1,0)),元データ!$A$2:$A$20000,$A36,元データ!$D$2:$D$20000,$B37,元データ!$B$2:$B$20000,$C$3,元データ!$C$2:$C$20000,N$5) -> 391 | O37: =SUM(C37:N37) -> 4737 | P37: =SUMIFS(INDEX(元データ!$E$2:$H$20000,0,MATCH($C$2,元データ!$E$1:$H$1,0)),元データ!$A$2:$A$20000,$A36,元データ!$D$2:$D$20000,$B37,元データ!$B$2:$B$20000,$D$3) -> 5248 | Q37: =IFERROR(O37/P37,"") -> 0.90262957
B38: ジャケット | C38: =SUMIFS(INDEX(元データ!$E$2:$H$20000,0,MATCH($C$2,元データ!$E$1:$H$1,0)),元データ!$A$2:$A$20000,$A36,元データ!$D$2:$D$20000,$B38,元データ!$B$2:$B$20000,$C$3,元データ!$C$2:$C$20000,C$5) -> 158 | D38: =SUMIFS(INDEX(元データ!$E$2:$H$20000,0,MATCH($C$2,元データ!$E$1:$H$1,0)),元データ!$A$2:$A$20000,$A36,元データ!$D$2:$D$20000,$B38,元データ!$B$2:$B$20000,$C$3,元データ!$C$2:$C$20000,D$5) -> 237 | E38: =SUMIFS(INDEX(元データ!$E$2:$H$20000,0,MATCH($C$2,元データ!$E$1:$H$1,0)),元データ!$A$2:$A$20000,$A36,元データ!$D$2:$D$20000,$B38,元データ!$B$2:$B$20000,$C$3,元データ!$C$2:$C$20000,E$5) -> 357 | F38: =SUMIFS(INDEX(元データ!$E$2:$H$20000,0,MATCH($C$2,元データ!$E$1:$H$1,0)),元データ!$A$2:$A$20000,$A36,元データ!$D$2:$D$20000,$B38,元データ!$B$2:$B$20000,$C$3,元データ!$C$2:$C$20000,F$5) -> 293 | G38: =SUMIFS(INDEX(元データ!$E$2:$H$20000,0,MATCH($C$2,元データ!$E$1:$H$1,0)),元データ!$A$2:$A$20000,$A36,元データ!$D$2:$D$20000,$B38,元データ!$B$2:$B$20000,$C$3,元データ!$C$2:$C$20000,G$5) -> 276 | H38: =SUMIFS(INDEX(元データ!$E$2:$H$20000,0,MATCH($C$2,元データ!$E$1:$H$1,0)),元データ!$A$2:$A$20000,$A36,元データ!$D$2:$D$20000,$B38,元データ!$B$2:$B$20000,$C$3,元データ!$C$2:$C$20000,H$5) -> 212 | I38: =SUMIFS(INDEX(元データ!$E$2:$H$20000,0,MATCH($C$2,元データ!$E$1:$H$1,0)),元データ!$A$2:$A$20000,$A36,元データ!$D$2:$D$20000,$B38,元データ!$B$2:$B$20000,$C$3,元データ!$C$2:$C$20000,I$5) -> 186 | J38: =SUMIFS(INDEX(元データ!$E$2:$H$20000,0,MATCH($C$2,元データ!$E$1:$H$1,0)),元データ!$A$2:$A$20000,$A36,元データ!$D$2:$D$20000,$B38,元データ!$B$2:$B$20000,$C$3,元データ!$C$2:$C$20000,J$5) -> 285 | ... N38: =SUMIFS(INDEX(元データ!$E$2:$H$20000,0,MATCH($C$2,元データ!$E$1:$H$1,0)),元データ!$A$2:$A$20000,$A36,元データ!$D$2:$D$20000,$B38,元データ!$B$2:$B$20000,$C$3,元データ!$C$2:$C$20000,N$5) -> 250 | O38: =SUM(C38:N38) -> 3234 | P38: =SUMIFS(INDEX(元データ!$E$2:$H$20000,0,MATCH($C$2,元データ!$E$1:$H$1,0)),元データ!$A$2:$A$20000,$A36,元データ!$D$2:$D$20000,$B38,元データ!$B$2:$B$20000,$D$3) -> 3482 | Q38: =IFERROR(O38/P38,"") -> 0.92877657
A39: =店舗マスタ!A13 -> 便船塚店 | B39: ワイシャツ | C39: =SUMIFS(INDEX(元データ!$E$2:$H$20000,0,MATCH($C$2,元データ!$E$1:$H$1,0)),元データ!$A$2:$A$20000,$A39,元データ!$D$2:$D$20000,$B39,元データ!$B$2:$B$20000,$C$3,元データ!$C$2:$C$20000,C$5) -> 1160 | D39: =SUMIFS(INDEX(元データ!$E$2:$H$20000,0,MATCH($C$2,元データ!$E$1:$H$1,0)),元データ!$A$2:$A$20000,$A39,元データ!$D$2:$D$20000,$B39,元データ!$B$2:$B$20000,$C$3,元データ!$C$2:$C$20000,D$5) -> 1263 | E39: =SUMIFS(INDEX(元データ!$E$2:$H$20000,0,MATCH($C$2,元データ!$E$1:$H$1,0)),元データ!$A$2:$A$20000,$A39,元データ!$D$2:$D$20000,$B39,元データ!$B$2:$B$20000,$C$3,元データ!$C$2:$C$20000,E$5) -> 1533 | F39: =SUMIFS(INDEX(元データ!$E$2:$H$20000,0,MATCH($C$2,元データ!$E$1:$H$1,0)),元データ!$A$2:$A$20000,$A39,元データ!$D$2:$D$20000,$B39,元データ!$B$2:$B$20000,$C$3,元データ!$C$2:$C$20000,F$5) -> 1252 | G39: =SUMIFS(INDEX(元データ!$E$2:$H$20000,0,MATCH($C$2,元データ!$E$1:$H$1,0)),元データ!$A$2:$A$20000,$A39,元データ!$D$2:$D$20000,$B39,元データ!$B$2:$B$20000,$C$3,元データ!$C$2:$C$20000,G$5) -> 1298 | H39: =SUMIFS(INDEX(元データ!$E$2:$H$20000,0,MATCH($C$2,元データ!$E$1:$H$1,0)),元データ!$A$2:$A$20000,$A39,元データ!$D$2:$D$20000,$B39,元データ!$B$2:$B$20000,$C$3,元データ!$C$2:$C$20000,H$5) -> 931 | I39: =SUMIFS(INDEX(元データ!$E$2:$H$20000,0,MATCH($C$2,元データ!$E$1:$H$1,0)),元データ!$A$2:$A$20000,$A39,元データ!$D$2:$D$20000,$B39,元データ!$B$2:$B$20000,$C$3,元データ!$C$2:$C$20000,I$5) -> 877 | J39: =SUMIFS(INDEX(元データ!$E$2:$H$20000,0,MATCH($C$2,元データ!$E$1:$H$1,0)),元データ!$A$2:$A$20000,$A39,元データ!$D$2:$D$20000,$B39,元データ!$B$2:$B$20000,$C$3,元データ!$C$2:$C$20000,J$5) -> 1171 | ... N39: =SUMIFS(INDEX(元データ!$E$2:$H$20000,0,MATCH($C$2,元データ!$E$1:$H$1,0)),元データ!$A$2:$A$20000,$A39,元データ!$D$2:$D$20000,$B39,元データ!$B$2:$B$20000,$C$3,元データ!$C$2:$C$20000,N$5) -> 1124 | O39: =SUM(C39:N39) -> 14294 | P39: =SUMIFS(INDEX(元データ!$E$2:$H$20000,0,MATCH($C$2,元データ!$E$1:$H$1,0)),元データ!$A$2:$A$20000,$A39,元データ!$D$2:$D$20000,$B39,元データ!$B$2:$B$20000,$D$3) -> 16440 | Q39: =IFERROR(O39/P39,"") -> 0.86946472
B40: ズボン | C40: =SUMIFS(INDEX(元データ!$E$2:$H$20000,0,MATCH($C$2,元データ!$E$1:$H$1,0)),元データ!$A$2:$A$20000,$A39,元データ!$D$2:$D$20000,$B40,元データ!$B$2:$B$20000,$C$3,元データ!$C$2:$C$20000,C$5) -> 577 | D40: =SUMIFS(INDEX(元データ!$E$2:$H$20000,0,MATCH($C$2,元データ!$E$1:$H$1,0)),元データ!$A$2:$A$20000,$A39,元データ!$D$2:$D$20000,$B40,元データ!$B$2:$B$20000,$C$3,元データ!$C$2:$C$20000,D$5) -> 673 | E40: =SUMIFS(INDEX(元データ!$E$2:$H$20000,0,MATCH($C$2,元データ!$E$1:$H$1,0)),元データ!$A$2:$A$20000,$A39,元データ!$D$2:$D$20000,$B40,元データ!$B$2:$B$20000,$C$3,元データ!$C$2:$C$20000,E$5) -> 983 | F40: =SUMIFS(INDEX(元データ!$E$2:$H$20000,0,MATCH($C$2,元データ!$E$1:$H$1,0)),元データ!$A$2:$A$20000,$A39,元データ!$D$2:$D$20000,$B40,元データ!$B$2:$B$20000,$C$3,元データ!$C$2:$C$20000,F$5) -> 745 | G40: =SUMIFS(INDEX(元データ!$E$2:$H$20000,0,MATCH($C$2,元データ!$E$1:$H$1,0)),元データ!$A$2:$A$20000,$A39,元データ!$D$2:$D$20000,$B40,元データ!$B$2:$B$20000,$C$3,元データ!$C$2:$C$20000,G$5) -> 734 | H40: =SUMIFS(INDEX(元データ!$E$2:$H$20000,0,MATCH($C$2,元データ!$E$1:$H$1,0)),元データ!$A$2:$A$20000,$A39,元データ!$D$2:$D$20000,$B40,元データ!$B$2:$B$20000,$C$3,元データ!$C$2:$C$20000,H$5) -> 531 | I40: =SUMIFS(INDEX(元データ!$E$2:$H$20000,0,MATCH($C$2,元データ!$E$1:$H$1,0)),元データ!$A$2:$A$20000,$A39,元データ!$D$2:$D$20000,$B40,元データ!$B$2:$B$20000,$C$3,元データ!$C$2:$C$20000,I$5) -> 437 | J40: =SUMIFS(INDEX(元データ!$E$2:$H$20000,0,MATCH($C$2,元データ!$E$1:$H$1,0)),元データ!$A$2:$A$20000,$A39,元データ!$D$2:$D$20000,$B40,元データ!$B$2:$B$20000,$C$3,元データ!$C$2:$C$20000,J$5) -> 723 | ... N40: =SUMIFS(INDEX(元データ!$E$2:$H$20000,0,MATCH($C$2,元データ!$E$1:$H$1,0)),元データ!$A$2:$A$20000,$A39,元データ!$D$2:$D$20000,$B40,元データ!$B$2:$B$20000,$C$3,元データ!$C$2:$C$20000,N$5) -> 684 | O40: =SUM(C40:N40) -> 8406 | P40: =SUMIFS(INDEX(元データ!$E$2:$H$20000,0,MATCH($C$2,元データ!$E$1:$H$1,0)),元データ!$A$2:$A$20000,$A39,元データ!$D$2:$D$20000,$B40,元データ!$B$2:$B$20000,$D$3) -> 8515 | Q40: =IFERROR(O40/P40,"") -> 0.98719906
B41: ジャケット | C41: =SUMIFS(INDEX(元データ!$E$2:$H$20000,0,MATCH($C$2,元データ!$E$1:$H$1,0)),元データ!$A$2:$A$20000,$A39,元データ!$D$2:$D$20000,$B41,元データ!$B$2:$B$20000,$C$3,元データ!$C$2:$C$20000,C$5) -> 376 | D41: =SUMIFS(INDEX(元データ!$E$2:$H$20000,0,MATCH($C$2,元データ!$E$1:$H$1,0)),元データ!$A$2:$A$20000,$A39,元データ!$D$2:$D$20000,$B41,元データ!$B$2:$B$20000,$C$3,元データ!$C$2:$C$20000,D$5) -> 382 | E41: =SUMIFS(INDEX(元データ!$E$2:$H$20000,0,MATCH($C$2,元データ!$E$1:$H$1,0)),元データ!$A$2:$A$20000,$A39,元データ!$D$2:$D$20000,$B41,元データ!$B$2:$B$20000,$C$3,元データ!$C$2:$C$20000,E$5) -> 608 | F41: =SUMIFS(INDEX(元データ!$E$2:$H$20000,0,MATCH($C$2,元データ!$E$1:$H$1,0)),元データ!$A$2:$A$20000,$A39,元データ!$D$2:$D$20000,$B41,元データ!$B$2:$B$20000,$C$3,元データ!$C$2:$C$20000,F$5) -> 531 | G41: =SUMIFS(INDEX(元データ!$E$2:$H$20000,0,MATCH($C$2,元データ!$E$1:$H$1,0)),元データ!$A$2:$A$20000,$A39,元データ!$D$2:$D$20000,$B41,元データ!$B$2:$B$20000,$C$3,元データ!$C$2:$C$20000,G$5) -> 516 | H41: =SUMIFS(INDEX(元データ!$E$2:$H$20000,0,MATCH($C$2,元データ!$E$1:$H$1,0)),元データ!$A$2:$A$20000,$A39,元データ!$D$2:$D$20000,$B41,元データ!$B$2:$B$20000,$C$3,元データ!$C$2:$C$20000,H$5) -> 364 | I41: =SUMIFS(INDEX(元データ!$E$2:$H$20000,0,MATCH($C$2,元データ!$E$1:$H$1,0)),元データ!$A$2:$A$20000,$A39,元データ!$D$2:$D$20000,$B41,元データ!$B$2:$B$20000,$C$3,元データ!$C$2:$C$20000,I$5) -> 295 | J41: =SUMIFS(INDEX(元データ!$E$2:$H$20000,0,MATCH($C$2,元データ!$E$1:$H$1,0)),元データ!$A$2:$A$20000,$A39,元データ!$D$2:$D$20000,$B41,元データ!$B$2:$B$20000,$C$3,元データ!$C$2:$C$20000,J$5) -> 598 | ... N41: =SUMIFS(INDEX(元データ!$E$2:$H$20000,0,MATCH($C$2,元データ!$E$1:$H$1,0)),元データ!$A$2:$A$20000,$A39,元データ!$D$2:$D$20000,$B41,元データ!$B$2:$B$20000,$C$3,元データ!$C$2:$C$20000,N$5) -> 460 | O41: =SUM(C41:N41) -> 6016 | P41: =SUMIFS(INDEX(元データ!$E$2:$H$20000,0,MATCH($C$2,元データ!$E$1:$H$1,0)),元データ!$A$2:$A$20000,$A39,元データ!$D$2:$D$20000,$B41,元データ!$B$2:$B$20000,$D$3) -> 6189 | Q41: =IFERROR(O41/P41,"") -> 0.97204718
A42: =店舗マスタ!A14 -> 大岡店 | B42: ワイシャツ | C42: =SUMIFS(INDEX(元データ!$E$2:$H$20000,0,MATCH($C$2,元データ!$E$1:$H$1,0)),元データ!$A$2:$A$20000,$A42,元データ!$D$2:$D$20000,$B42,元データ!$B$2:$B$20000,$C$3,元データ!$C$2:$C$20000,C$5) -> 1481 | D42: =SUMIFS(INDEX(元データ!$E$2:$H$20000,0,MATCH($C$2,元データ!$E$1:$H$1,0)),元データ!$A$2:$A$20000,$A42,元データ!$D$2:$D$20000,$B42,元データ!$B$2:$B$20000,$C$3,元データ!$C$2:$C$20000,D$5) -> 1827 | E42: =SUMIFS(INDEX(元データ!$E$2:$H$20000,0,MATCH($C$2,元データ!$E$1:$H$1,0)),元データ!$A$2:$A$20000,$A42,元データ!$D$2:$D$20000,$B42,元データ!$B$2:$B$20000,$C$3,元データ!$C$2:$C$20000,E$5) -> 2154 | F42: =SUMIFS(INDEX(元データ!$E$2:$H$20000,0,MATCH($C$2,元データ!$E$1:$H$1,0)),元データ!$A$2:$A$20000,$A42,元データ!$D$2:$D$20000,$B42,元データ!$B$2:$B$20000,$C$3,元データ!$C$2:$C$20000,F$5) -> 1887 | G42: =SUMIFS(INDEX(元データ!$E$2:$H$20000,0,MATCH($C$2,元データ!$E$1:$H$1,0)),元データ!$A$2:$A$20000,$A42,元データ!$D$2:$D$20000,$B42,元データ!$B$2:$B$20000,$C$3,元データ!$C$2:$C$20000,G$5) -> 1909 | H42: =SUMIFS(INDEX(元データ!$E$2:$H$20000,0,MATCH($C$2,元データ!$E$1:$H$1,0)),元データ!$A$2:$A$20000,$A42,元データ!$D$2:$D$20000,$B42,元データ!$B$2:$B$20000,$C$3,元データ!$C$2:$C$20000,H$5) -> 1413 | I42: =SUMIFS(INDEX(元データ!$E$2:$H$20000,0,MATCH($C$2,元データ!$E$1:$H$1,0)),元データ!$A$2:$A$20000,$A42,元データ!$D$2:$D$20000,$B42,元データ!$B$2:$B$20000,$C$3,元データ!$C$2:$C$20000,I$5) -> 1434 | J42: =SUMIFS(INDEX(元データ!$E$2:$H$20000,0,MATCH($C$2,元データ!$E$1:$H$1,0)),元データ!$A$2:$A$20000,$A42,元データ!$D$2:$D$20000,$B42,元データ!$B$2:$B$20000,$C$3,元データ!$C$2:$C$20000,J$5) -> 1979 | ... N42: =SUMIFS(INDEX(元データ!$E$2:$H$20000,0,MATCH($C$2,元データ!$E$1:$H$1,0)),元データ!$A$2:$A$20000,$A42,元データ!$D$2:$D$20000,$B42,元データ!$B$2:$B$20000,$C$3,元データ!$C$2:$C$20000,N$5) -> 1573 | O42: =SUM(C42:N42) -> 20766 | P42: =SUMIFS(INDEX(元データ!$E$2:$H$20000,0,MATCH($C$2,元データ!$E$1:$H$1,0)),元データ!$A$2:$A$20000,$A42,元データ!$D$2:$D$20000,$B42,元データ!$B$2:$B$20000,$D$3) -> 23713 | Q42: =IFERROR(O42/P42,"") -> 0.87572218
B43: ズボン | C43: =SUMIFS(INDEX(元データ!$E$2:$H$20000,0,MATCH($C$2,元データ!$E$1:$H$1,0)),元データ!$A$2:$A$20000,$A42,元データ!$D$2:$D$20000,$B43,元データ!$B$2:$B$20000,$C$3,元データ!$C$2:$C$20000,C$5) -> 735 | D43: =SUMIFS(INDEX(元データ!$E$2:$H$20000,0,MATCH($C$2,元データ!$E$1:$H$1,0)),元データ!$A$2:$A$20000,$A42,元データ!$D$2:$D$20000,$B43,元データ!$B$2:$B$20000,$C$3,元データ!$C$2:$C$20000,D$5) -> 731 | E43: =SUMIFS(INDEX(元データ!$E$2:$H$20000,0,MATCH($C$2,元データ!$E$1:$H$1,0)),元データ!$A$2:$A$20000,$A42,元データ!$D$2:$D$20000,$B43,元データ!$B$2:$B$20000,$C$3,元データ!$C$2:$C$20000,E$5) -> 998 | F43: =SUMIFS(INDEX(元データ!$E$2:$H$20000,0,MATCH($C$2,元データ!$E$1:$H$1,0)),元データ!$A$2:$A$20000,$A42,元データ!$D$2:$D$20000,$B43,元データ!$B$2:$B$20000,$C$3,元データ!$C$2:$C$20000,F$5) -> 931 | G43: =SUMIFS(INDEX(元データ!$E$2:$H$20000,0,MATCH($C$2,元データ!$E$1:$H$1,0)),元データ!$A$2:$A$20000,$A42,元データ!$D$2:$D$20000,$B43,元データ!$B$2:$B$20000,$C$3,元データ!$C$2:$C$20000,G$5) -> 991 | H43: =SUMIFS(INDEX(元データ!$E$2:$H$20000,0,MATCH($C$2,元データ!$E$1:$H$1,0)),元データ!$A$2:$A$20000,$A42,元データ!$D$2:$D$20000,$B43,元データ!$B$2:$B$20000,$C$3,元データ!$C$2:$C$20000,H$5) -> 559 | I43: =SUMIFS(INDEX(元データ!$E$2:$H$20000,0,MATCH($C$2,元データ!$E$1:$H$1,0)),元データ!$A$2:$A$20000,$A42,元データ!$D$2:$D$20000,$B43,元データ!$B$2:$B$20000,$C$3,元データ!$C$2:$C$20000,I$5) -> 514 | J43: =SUMIFS(INDEX(元データ!$E$2:$H$20000,0,MATCH($C$2,元データ!$E$1:$H$1,0)),元データ!$A$2:$A$20000,$A42,元データ!$D$2:$D$20000,$B43,元データ!$B$2:$B$20000,$C$3,元データ!$C$2:$C$20000,J$5) -> 839 | ... N43: =SUMIFS(INDEX(元データ!$E$2:$H$20000,0,MATCH($C$2,元データ!$E$1:$H$1,0)),元データ!$A$2:$A$20000,$A42,元データ!$D$2:$D$20000,$B43,元データ!$B$2:$B$20000,$C$3,元データ!$C$2:$C$20000,N$5) -> 794 | O43: =SUM(C43:N43) -> 10145 | P43: =SUMIFS(INDEX(元データ!$E$2:$H$20000,0,MATCH($C$2,元データ!$E$1:$H$1,0)),元データ!$A$2:$A$20000,$A42,元データ!$D$2:$D$20000,$B43,元データ!$B$2:$B$20000,$D$3) -> 10688 | Q43: =IFERROR(O43/P43,"") -> 0.94919536
B44: ジャケット | C44: =SUMIFS(INDEX(元データ!$E$2:$H$20000,0,MATCH($C$2,元データ!$E$1:$H$1,0)),元データ!$A$2:$A$20000,$A42,元データ!$D$2:$D$20000,$B44,元データ!$B$2:$B$20000,$C$3,元データ!$C$2:$C$20000,C$5) -> 369 | D44: =SUMIFS(INDEX(元データ!$E$2:$H$20000,0,MATCH($C$2,元データ!$E$1:$H$1,0)),元データ!$A$2:$A$20000,$A42,元データ!$D$2:$D$20000,$B44,元データ!$B$2:$B$20000,$C$3,元データ!$C$2:$C$20000,D$5) -> 401 | E44: =SUMIFS(INDEX(元データ!$E$2:$H$20000,0,MATCH($C$2,元データ!$E$1:$H$1,0)),元データ!$A$2:$A$20000,$A42,元データ!$D$2:$D$20000,$B44,元データ!$B$2:$B$20000,$C$3,元データ!$C$2:$C$20000,E$5) -> 599 | F44: =SUMIFS(INDEX(元データ!$E$2:$H$20000,0,MATCH($C$2,元データ!$E$1:$H$1,0)),元データ!$A$2:$A$20000,$A42,元データ!$D$2:$D$20000,$B44,元データ!$B$2:$B$20000,$C$3,元データ!$C$2:$C$20000,F$5) -> 617 | G44: =SUMIFS(INDEX(元データ!$E$2:$H$20000,0,MATCH($C$2,元データ!$E$1:$H$1,0)),元データ!$A$2:$A$20000,$A42,元データ!$D$2:$D$20000,$B44,元データ!$B$2:$B$20000,$C$3,元データ!$C$2:$C$20000,G$5) -> 729 | H44: =SUMIFS(INDEX(元データ!$E$2:$H$20000,0,MATCH($C$2,元データ!$E$1:$H$1,0)),元データ!$A$2:$A$20000,$A42,元データ!$D$2:$D$20000,$B44,元データ!$B$2:$B$20000,$C$3,元データ!$C$2:$C$20000,H$5) -> 444 | I44: =SUMIFS(INDEX(元データ!$E$2:$H$20000,0,MATCH($C$2,元データ!$E$1:$H$1,0)),元データ!$A$2:$A$20000,$A42,元データ!$D$2:$D$20000,$B44,元データ!$B$2:$B$20000,$C$3,元データ!$C$2:$C$20000,I$5) -> 398 | J44: =SUMIFS(INDEX(元データ!$E$2:$H$20000,0,MATCH($C$2,元データ!$E$1:$H$1,0)),元データ!$A$2:$A$20000,$A42,元データ!$D$2:$D$20000,$B44,元データ!$B$2:$B$20000,$C$3,元データ!$C$2:$C$20000,J$5) -> 744 | ... N44: =SUMIFS(INDEX(元データ!$E$2:$H$20000,0,MATCH($C$2,元データ!$E$1:$H$1,0)),元データ!$A$2:$A$20000,$A42,元データ!$D$2:$D$20000,$B44,元データ!$B$2:$B$20000,$C$3,元データ!$C$2:$C$20000,N$5) -> 503 | O44: =SUM(C44:N44) -> 7208 | P44: =SUMIFS(INDEX(元データ!$E$2:$H$20000,0,MATCH($C$2,元データ!$E$1:$H$1,0)),元データ!$A$2:$A$20000,$A42,元データ!$D$2:$D$20000,$B44,元データ!$B$2:$B$20000,$D$3) -> 7752 | Q44: =IFERROR(O44/P44,"") -> 0.92982456
A45: =店舗マスタ!A15 -> 三好店 | B45: ワイシャツ | C45: =SUMIFS(INDEX(元データ!$E$2:$H$20000,0,MATCH($C$2,元データ!$E$1:$H$1,0)),元データ!$A$2:$A$20000,$A45,元データ!$D$2:$D$20000,$B45,元データ!$B$2:$B$20000,$C$3,元データ!$C$2:$C$20000,C$5) -> 736 | D45: =SUMIFS(INDEX(元データ!$E$2:$H$20000,0,MATCH($C$2,元データ!$E$1:$H$1,0)),元データ!$A$2:$A$20000,$A45,元データ!$D$2:$D$20000,$B45,元データ!$B$2:$B$20000,$C$3,元データ!$C$2:$C$20000,D$5) -> 912 | E45: =SUMIFS(INDEX(元データ!$E$2:$H$20000,0,MATCH($C$2,元データ!$E$1:$H$1,0)),元データ!$A$2:$A$20000,$A45,元データ!$D$2:$D$20000,$B45,元データ!$B$2:$B$20000,$C$3,元データ!$C$2:$C$20000,E$5) -> 1117 | F45: =SUMIFS(INDEX(元データ!$E$2:$H$20000,0,MATCH($C$2,元データ!$E$1:$H$1,0)),元データ!$A$2:$A$20000,$A45,元データ!$D$2:$D$20000,$B45,元データ!$B$2:$B$20000,$C$3,元データ!$C$2:$C$20000,F$5) -> 971 | G45: =SUMIFS(INDEX(元データ!$E$2:$H$20000,0,MATCH($C$2,元データ!$E$1:$H$1,0)),元データ!$A$2:$A$20000,$A45,元データ!$D$2:$D$20000,$B45,元データ!$B$2:$B$20000,$C$3,元データ!$C$2:$C$20000,G$5) -> 1106 | H45: =SUMIFS(INDEX(元データ!$E$2:$H$20000,0,MATCH($C$2,元データ!$E$1:$H$1,0)),元データ!$A$2:$A$20000,$A45,元データ!$D$2:$D$20000,$B45,元データ!$B$2:$B$20000,$C$3,元データ!$C$2:$C$20000,H$5) -> 724 | I45: =SUMIFS(INDEX(元データ!$E$2:$H$20000,0,MATCH($C$2,元データ!$E$1:$H$1,0)),元データ!$A$2:$A$20000,$A45,元データ!$D$2:$D$20000,$B45,元データ!$B$2:$B$20000,$C$3,元データ!$C$2:$C$20000,I$5) -> 794 | J45: =SUMIFS(INDEX(元データ!$E$2:$H$20000,0,MATCH($C$2,元データ!$E$1:$H$1,0)),元データ!$A$2:$A$20000,$A45,元データ!$D$2:$D$20000,$B45,元データ!$B$2:$B$20000,$C$3,元データ!$C$2:$C$20000,J$5) -> 960 | ... N45: =SUMIFS(INDEX(元データ!$E$2:$H$20000,0,MATCH($C$2,元データ!$E$1:$H$1,0)),元データ!$A$2:$A$20000,$A45,元データ!$D$2:$D$20000,$B45,元データ!$B$2:$B$20000,$C$3,元データ!$C$2:$C$20000,N$5) -> 890 | O45: =SUM(C45:N45) -> 10956 | P45: =SUMIFS(INDEX(元データ!$E$2:$H$20000,0,MATCH($C$2,元データ!$E$1:$H$1,0)),元データ!$A$2:$A$20000,$A45,元データ!$D$2:$D$20000,$B45,元データ!$B$2:$B$20000,$D$3) -> 13783 | Q45: =IFERROR(O45/P45,"") -> 0.79489226
B46: ズボン | C46: =SUMIFS(INDEX(元データ!$E$2:$H$20000,0,MATCH($C$2,元データ!$E$1:$H$1,0)),元データ!$A$2:$A$20000,$A45,元データ!$D$2:$D$20000,$B46,元データ!$B$2:$B$20000,$C$3,元データ!$C$2:$C$20000,C$5) -> 405 | D46: =SUMIFS(INDEX(元データ!$E$2:$H$20000,0,MATCH($C$2,元データ!$E$1:$H$1,0)),元データ!$A$2:$A$20000,$A45,元データ!$D$2:$D$20000,$B46,元データ!$B$2:$B$20000,$C$3,元データ!$C$2:$C$20000,D$5) -> 413 | E46: =SUMIFS(INDEX(元データ!$E$2:$H$20000,0,MATCH($C$2,元データ!$E$1:$H$1,0)),元データ!$A$2:$A$20000,$A45,元データ!$D$2:$D$20000,$B46,元データ!$B$2:$B$20000,$C$3,元データ!$C$2:$C$20000,E$5) -> 526 | F46: =SUMIFS(INDEX(元データ!$E$2:$H$20000,0,MATCH($C$2,元データ!$E$1:$H$1,0)),元データ!$A$2:$A$20000,$A45,元データ!$D$2:$D$20000,$B46,元データ!$B$2:$B$20000,$C$3,元データ!$C$2:$C$20000,F$5) -> 454 | G46: =SUMIFS(INDEX(元データ!$E$2:$H$20000,0,MATCH($C$2,元データ!$E$1:$H$1,0)),元データ!$A$2:$A$20000,$A45,元データ!$D$2:$D$20000,$B46,元データ!$B$2:$B$20000,$C$3,元データ!$C$2:$C$20000,G$5) -> 540 | H46: =SUMIFS(INDEX(元データ!$E$2:$H$20000,0,MATCH($C$2,元データ!$E$1:$H$1,0)),元データ!$A$2:$A$20000,$A45,元データ!$D$2:$D$20000,$B46,元データ!$B$2:$B$20000,$C$3,元データ!$C$2:$C$20000,H$5) -> 310 | I46: =SUMIFS(INDEX(元データ!$E$2:$H$20000,0,MATCH($C$2,元データ!$E$1:$H$1,0)),元データ!$A$2:$A$20000,$A45,元データ!$D$2:$D$20000,$B46,元データ!$B$2:$B$20000,$C$3,元データ!$C$2:$C$20000,I$5) -> 257 | J46: =SUMIFS(INDEX(元データ!$E$2:$H$20000,0,MATCH($C$2,元データ!$E$1:$H$1,0)),元データ!$A$2:$A$20000,$A45,元データ!$D$2:$D$20000,$B46,元データ!$B$2:$B$20000,$C$3,元データ!$C$2:$C$20000,J$5) -> 426 | ... N46: =SUMIFS(INDEX(元データ!$E$2:$H$20000,0,MATCH($C$2,元データ!$E$1:$H$1,0)),元データ!$A$2:$A$20000,$A45,元データ!$D$2:$D$20000,$B46,元データ!$B$2:$B$20000,$C$3,元データ!$C$2:$C$20000,N$5) -> 396 | O46: =SUM(C46:N46) -> 5255 | P46: =SUMIFS(INDEX(元データ!$E$2:$H$20000,0,MATCH($C$2,元データ!$E$1:$H$1,0)),元データ!$A$2:$A$20000,$A45,元データ!$D$2:$D$20000,$B46,元データ!$B$2:$B$20000,$D$3) -> 5788 | Q46: =IFERROR(O46/P46,"") -> 0.90791292
B47: ジャケット | C47: =SUMIFS(INDEX(元データ!$E$2:$H$20000,0,MATCH($C$2,元データ!$E$1:$H$1,0)),元データ!$A$2:$A$20000,$A45,元データ!$D$2:$D$20000,$B47,元データ!$B$2:$B$20000,$C$3,元データ!$C$2:$C$20000,C$5) -> 160 | D47: =SUMIFS(INDEX(元データ!$E$2:$H$20000,0,MATCH($C$2,元データ!$E$1:$H$1,0)),元データ!$A$2:$A$20000,$A45,元データ!$D$2:$D$20000,$B47,元データ!$B$2:$B$20000,$C$3,元データ!$C$2:$C$20000,D$5) -> 202 | E47: =SUMIFS(INDEX(元データ!$E$2:$H$20000,0,MATCH($C$2,元データ!$E$1:$H$1,0)),元データ!$A$2:$A$20000,$A45,元データ!$D$2:$D$20000,$B47,元データ!$B$2:$B$20000,$C$3,元データ!$C$2:$C$20000,E$5) -> 309 | F47: =SUMIFS(INDEX(元データ!$E$2:$H$20000,0,MATCH($C$2,元データ!$E$1:$H$1,0)),元データ!$A$2:$A$20000,$A45,元データ!$D$2:$D$20000,$B47,元データ!$B$2:$B$20000,$C$3,元データ!$C$2:$C$20000,F$5) -> 290 | G47: =SUMIFS(INDEX(元データ!$E$2:$H$20000,0,MATCH($C$2,元データ!$E$1:$H$1,0)),元データ!$A$2:$A$20000,$A45,元データ!$D$2:$D$20000,$B47,元データ!$B$2:$B$20000,$C$3,元データ!$C$2:$C$20000,G$5) -> 418 | H47: =SUMIFS(INDEX(元データ!$E$2:$H$20000,0,MATCH($C$2,元データ!$E$1:$H$1,0)),元データ!$A$2:$A$20000,$A45,元データ!$D$2:$D$20000,$B47,元データ!$B$2:$B$20000,$C$3,元データ!$C$2:$C$20000,H$5) -> 232 | I47: =SUMIFS(INDEX(元データ!$E$2:$H$20000,0,MATCH($C$2,元データ!$E$1:$H$1,0)),元データ!$A$2:$A$20000,$A45,元データ!$D$2:$D$20000,$B47,元データ!$B$2:$B$20000,$C$3,元データ!$C$2:$C$20000,I$5) -> 192 | J47: =SUMIFS(INDEX(元データ!$E$2:$H$20000,0,MATCH($C$2,元データ!$E$1:$H$1,0)),元データ!$A$2:$A$20000,$A45,元データ!$D$2:$D$20000,$B47,元データ!$B$2:$B$20000,$C$3,元データ!$C$2:$C$20000,J$5) -> 320 | ... N47: =SUMIFS(INDEX(元データ!$E$2:$H$20000,0,MATCH($C$2,元データ!$E$1:$H$1,0)),元データ!$A$2:$A$20000,$A45,元データ!$D$2:$D$20000,$B47,元データ!$B$2:$B$20000,$C$3,元データ!$C$2:$C$20000,N$5) -> 269 | O47: =SUM(C47:N47) -> 3660 | P47: =SUMIFS(INDEX(元データ!$E$2:$H$20000,0,MATCH($C$2,元データ!$E$1:$H$1,0)),元データ!$A$2:$A$20000,$A45,元データ!$D$2:$D$20000,$B47,元データ!$B$2:$B$20000,$D$3) -> 4086 | Q47: =IFERROR(O47/P47,"") -> 0.89574156
A48: =店舗マスタ!A16 -> 沼津駅南口店 | B48: ワイシャツ | C48: =SUMIFS(INDEX(元データ!$E$2:$H$20000,0,MATCH($C$2,元データ!$E$1:$H$1,0)),元データ!$A$2:$A$20000,$A48,元データ!$D$2:$D$20000,$B48,元データ!$B$2:$B$20000,$C$3,元データ!$C$2:$C$20000,C$5) -> 909 | D48: =SUMIFS(INDEX(元データ!$E$2:$H$20000,0,MATCH($C$2,元データ!$E$1:$H$1,0)),元データ!$A$2:$A$20000,$A48,元データ!$D$2:$D$20000,$B48,元データ!$B$2:$B$20000,$C$3,元データ!$C$2:$C$20000,D$5) -> 1261 | E48: =SUMIFS(INDEX(元データ!$E$2:$H$20000,0,MATCH($C$2,元データ!$E$1:$H$1,0)),元データ!$A$2:$A$20000,$A48,元データ!$D$2:$D$20000,$B48,元データ!$B$2:$B$20000,$C$3,元データ!$C$2:$C$20000,E$5) -> 1250 | F48: =SUMIFS(INDEX(元データ!$E$2:$H$20000,0,MATCH($C$2,元データ!$E$1:$H$1,0)),元データ!$A$2:$A$20000,$A48,元データ!$D$2:$D$20000,$B48,元データ!$B$2:$B$20000,$C$3,元データ!$C$2:$C$20000,F$5) -> 1047 | G48: =SUMIFS(INDEX(元データ!$E$2:$H$20000,0,MATCH($C$2,元データ!$E$1:$H$1,0)),元データ!$A$2:$A$20000,$A48,元データ!$D$2:$D$20000,$B48,元データ!$B$2:$B$20000,$C$3,元データ!$C$2:$C$20000,G$5) -> 1190 | H48: =SUMIFS(INDEX(元データ!$E$2:$H$20000,0,MATCH($C$2,元データ!$E$1:$H$1,0)),元データ!$A$2:$A$20000,$A48,元データ!$D$2:$D$20000,$B48,元データ!$B$2:$B$20000,$C$3,元データ!$C$2:$C$20000,H$5) -> 966 | I48: =SUMIFS(INDEX(元データ!$E$2:$H$20000,0,MATCH($C$2,元データ!$E$1:$H$1,0)),元データ!$A$2:$A$20000,$A48,元データ!$D$2:$D$20000,$B48,元データ!$B$2:$B$20000,$C$3,元データ!$C$2:$C$20000,I$5) -> 929 | J48: =SUMIFS(INDEX(元データ!$E$2:$H$20000,0,MATCH($C$2,元データ!$E$1:$H$1,0)),元データ!$A$2:$A$20000,$A48,元データ!$D$2:$D$20000,$B48,元データ!$B$2:$B$20000,$C$3,元データ!$C$2:$C$20000,J$5) -> 1187 | ... N48: =SUMIFS(INDEX(元データ!$E$2:$H$20000,0,MATCH($C$2,元データ!$E$1:$H$1,0)),元データ!$A$2:$A$20000,$A48,元データ!$D$2:$D$20000,$B48,元データ!$B$2:$B$20000,$C$3,元データ!$C$2:$C$20000,N$5) -> 1464 | O48: =SUM(C48:N48) -> 13687 | P48: =SUMIFS(INDEX(元データ!$E$2:$H$20000,0,MATCH($C$2,元データ!$E$1:$H$1,0)),元データ!$A$2:$A$20000,$A48,元データ!$D$2:$D$20000,$B48,元データ!$B$2:$B$20000,$D$3) -> 13994 | Q48: =IFERROR(O48/P48,"") -> 0.97806203
B49: ズボン | C49: =SUMIFS(INDEX(元データ!$E$2:$H$20000,0,MATCH($C$2,元データ!$E$1:$H$1,0)),元データ!$A$2:$A$20000,$A48,元データ!$D$2:$D$20000,$B49,元データ!$B$2:$B$20000,$C$3,元データ!$C$2:$C$20000,C$5) -> 268 | D49: =SUMIFS(INDEX(元データ!$E$2:$H$20000,0,MATCH($C$2,元データ!$E$1:$H$1,0)),元データ!$A$2:$A$20000,$A48,元データ!$D$2:$D$20000,$B49,元データ!$B$2:$B$20000,$C$3,元データ!$C$2:$C$20000,D$5) -> 290 | E49: =SUMIFS(INDEX(元データ!$E$2:$H$20000,0,MATCH($C$2,元データ!$E$1:$H$1,0)),元データ!$A$2:$A$20000,$A48,元データ!$D$2:$D$20000,$B49,元データ!$B$2:$B$20000,$C$3,元データ!$C$2:$C$20000,E$5) -> 356 | F49: =SUMIFS(INDEX(元データ!$E$2:$H$20000,0,MATCH($C$2,元データ!$E$1:$H$1,0)),元データ!$A$2:$A$20000,$A48,元データ!$D$2:$D$20000,$B49,元データ!$B$2:$B$20000,$C$3,元データ!$C$2:$C$20000,F$5) -> 336 | G49: =SUMIFS(INDEX(元データ!$E$2:$H$20000,0,MATCH($C$2,元データ!$E$1:$H$1,0)),元データ!$A$2:$A$20000,$A48,元データ!$D$2:$D$20000,$B49,元データ!$B$2:$B$20000,$C$3,元データ!$C$2:$C$20000,G$5) -> 338 | H49: =SUMIFS(INDEX(元データ!$E$2:$H$20000,0,MATCH($C$2,元データ!$E$1:$H$1,0)),元データ!$A$2:$A$20000,$A48,元データ!$D$2:$D$20000,$B49,元データ!$B$2:$B$20000,$C$3,元データ!$C$2:$C$20000,H$5) -> 252 | I49: =SUMIFS(INDEX(元データ!$E$2:$H$20000,0,MATCH($C$2,元データ!$E$1:$H$1,0)),元データ!$A$2:$A$20000,$A48,元データ!$D$2:$D$20000,$B49,元データ!$B$2:$B$20000,$C$3,元データ!$C$2:$C$20000,I$5) -> 190 | J49: =SUMIFS(INDEX(元データ!$E$2:$H$20000,0,MATCH($C$2,元データ!$E$1:$H$1,0)),元データ!$A$2:$A$20000,$A48,元データ!$D$2:$D$20000,$B49,元データ!$B$2:$B$20000,$C$3,元データ!$C$2:$C$20000,J$5) -> 321 | ... N49: =SUMIFS(INDEX(元データ!$E$2:$H$20000,0,MATCH($C$2,元データ!$E$1:$H$1,0)),元データ!$A$2:$A$20000,$A48,元データ!$D$2:$D$20000,$B49,元データ!$B$2:$B$20000,$C$3,元データ!$C$2:$C$20000,N$5) -> 394 | O49: =SUM(C49:N49) -> 3847 | P49: =SUMIFS(INDEX(元データ!$E$2:$H$20000,0,MATCH($C$2,元データ!$E$1:$H$1,0)),元データ!$A$2:$A$20000,$A48,元データ!$D$2:$D$20000,$B49,元データ!$B$2:$B$20000,$D$3) -> 3705 | Q49: =IFERROR(O49/P49,"") -> 1.0383266
B50: ジャケット | C50: =SUMIFS(INDEX(元データ!$E$2:$H$20000,0,MATCH($C$2,元データ!$E$1:$H$1,0)),元データ!$A$2:$A$20000,$A48,元データ!$D$2:$D$20000,$B50,元データ!$B$2:$B$20000,$C$3,元データ!$C$2:$C$20000,C$5) -> 131 | D50: =SUMIFS(INDEX(元データ!$E$2:$H$20000,0,MATCH($C$2,元データ!$E$1:$H$1,0)),元データ!$A$2:$A$20000,$A48,元データ!$D$2:$D$20000,$B50,元データ!$B$2:$B$20000,$C$3,元データ!$C$2:$C$20000,D$5) -> 127 | E50: =SUMIFS(INDEX(元データ!$E$2:$H$20000,0,MATCH($C$2,元データ!$E$1:$H$1,0)),元データ!$A$2:$A$20000,$A48,元データ!$D$2:$D$20000,$B50,元データ!$B$2:$B$20000,$C$3,元データ!$C$2:$C$20000,E$5) -> 224 | F50: =SUMIFS(INDEX(元データ!$E$2:$H$20000,0,MATCH($C$2,元データ!$E$1:$H$1,0)),元データ!$A$2:$A$20000,$A48,元データ!$D$2:$D$20000,$B50,元データ!$B$2:$B$20000,$C$3,元データ!$C$2:$C$20000,F$5) -> 221 | G50: =SUMIFS(INDEX(元データ!$E$2:$H$20000,0,MATCH($C$2,元データ!$E$1:$H$1,0)),元データ!$A$2:$A$20000,$A48,元データ!$D$2:$D$20000,$B50,元データ!$B$2:$B$20000,$C$3,元データ!$C$2:$C$20000,G$5) -> 232 | H50: =SUMIFS(INDEX(元データ!$E$2:$H$20000,0,MATCH($C$2,元データ!$E$1:$H$1,0)),元データ!$A$2:$A$20000,$A48,元データ!$D$2:$D$20000,$B50,元データ!$B$2:$B$20000,$C$3,元データ!$C$2:$C$20000,H$5) -> 175 | I50: =SUMIFS(INDEX(元データ!$E$2:$H$20000,0,MATCH($C$2,元データ!$E$1:$H$1,0)),元データ!$A$2:$A$20000,$A48,元データ!$D$2:$D$20000,$B50,元データ!$B$2:$B$20000,$C$3,元データ!$C$2:$C$20000,I$5) -> 117 | J50: =SUMIFS(INDEX(元データ!$E$2:$H$20000,0,MATCH($C$2,元データ!$E$1:$H$1,0)),元データ!$A$2:$A$20000,$A48,元データ!$D$2:$D$20000,$B50,元データ!$B$2:$B$20000,$C$3,元データ!$C$2:$C$20000,J$5) -> 240 | ... N50: =SUMIFS(INDEX(元データ!$E$2:$H$20000,0,MATCH($C$2,元データ!$E$1:$H$1,0)),元データ!$A$2:$A$20000,$A48,元データ!$D$2:$D$20000,$B50,元データ!$B$2:$B$20000,$C$3,元データ!$C$2:$C$20000,N$5) -> 215 | O50: =SUM(C50:N50) -> 2460 | P50: =SUMIFS(INDEX(元データ!$E$2:$H$20000,0,MATCH($C$2,元データ!$E$1:$H$1,0)),元データ!$A$2:$A$20000,$A48,元データ!$D$2:$D$20000,$B50,元データ!$B$2:$B$20000,$D$3) -> 2368 | Q50: =IFERROR(O50/P50,"") -> 1.0388514
A51: =店舗マスタ!A17 -> 神山店 | B51: ワイシャツ | C51: =SUMIFS(INDEX(元データ!$E$2:$H$20000,0,MATCH($C$2,元データ!$E$1:$H$1,0)),元データ!$A$2:$A$20000,$A51,元データ!$D$2:$D$20000,$B51,元データ!$B$2:$B$20000,$C$3,元データ!$C$2:$C$20000,C$5) -> 316 | D51: =SUMIFS(INDEX(元データ!$E$2:$H$20000,0,MATCH($C$2,元データ!$E$1:$H$1,0)),元データ!$A$2:$A$20000,$A51,元データ!$D$2:$D$20000,$B51,元データ!$B$2:$B$20000,$C$3,元データ!$C$2:$C$20000,D$5) -> 421 | E51: =SUMIFS(INDEX(元データ!$E$2:$H$20000,0,MATCH($C$2,元データ!$E$1:$H$1,0)),元データ!$A$2:$A$20000,$A51,元データ!$D$2:$D$20000,$B51,元データ!$B$2:$B$20000,$C$3,元データ!$C$2:$C$20000,E$5) -> 490 | F51: =SUMIFS(INDEX(元データ!$E$2:$H$20000,0,MATCH($C$2,元データ!$E$1:$H$1,0)),元データ!$A$2:$A$20000,$A51,元データ!$D$2:$D$20000,$B51,元データ!$B$2:$B$20000,$C$3,元データ!$C$2:$C$20000,F$5) -> 436 | G51: =SUMIFS(INDEX(元データ!$E$2:$H$20000,0,MATCH($C$2,元データ!$E$1:$H$1,0)),元データ!$A$2:$A$20000,$A51,元データ!$D$2:$D$20000,$B51,元データ!$B$2:$B$20000,$C$3,元データ!$C$2:$C$20000,G$5) -> 480 | H51: =SUMIFS(INDEX(元データ!$E$2:$H$20000,0,MATCH($C$2,元データ!$E$1:$H$1,0)),元データ!$A$2:$A$20000,$A51,元データ!$D$2:$D$20000,$B51,元データ!$B$2:$B$20000,$C$3,元データ!$C$2:$C$20000,H$5) -> 392 | I51: =SUMIFS(INDEX(元データ!$E$2:$H$20000,0,MATCH($C$2,元データ!$E$1:$H$1,0)),元データ!$A$2:$A$20000,$A51,元データ!$D$2:$D$20000,$B51,元データ!$B$2:$B$20000,$C$3,元データ!$C$2:$C$20000,I$5) -> 365 | J51: =SUMIFS(INDEX(元データ!$E$2:$H$20000,0,MATCH($C$2,元データ!$E$1:$H$1,0)),元データ!$A$2:$A$20000,$A51,元データ!$D$2:$D$20000,$B51,元データ!$B$2:$B$20000,$C$3,元データ!$C$2:$C$20000,J$5) -> 477 | ... N51: =SUMIFS(INDEX(元データ!$E$2:$H$20000,0,MATCH($C$2,元データ!$E$1:$H$1,0)),元データ!$A$2:$A$20000,$A51,元データ!$D$2:$D$20000,$B51,元データ!$B$2:$B$20000,$C$3,元データ!$C$2:$C$20000,N$5) -> 320 | O51: =SUM(C51:N51) -> 4868 | P51: =SUMIFS(INDEX(元データ!$E$2:$H$20000,0,MATCH($C$2,元データ!$E$1:$H$1,0)),元データ!$A$2:$A$20000,$A51,元データ!$D$2:$D$20000,$B51,元データ!$B$2:$B$20000,$D$3) -> 5162 | Q51: =IFERROR(O51/P51,"") -> 0.94304533
B52: ズボン | C52: =SUMIFS(INDEX(元データ!$E$2:$H$20000,0,MATCH($C$2,元データ!$E$1:$H$1,0)),元データ!$A$2:$A$20000,$A51,元データ!$D$2:$D$20000,$B52,元データ!$B$2:$B$20000,$C$3,元データ!$C$2:$C$20000,C$5) -> 211 | D52: =SUMIFS(INDEX(元データ!$E$2:$H$20000,0,MATCH($C$2,元データ!$E$1:$H$1,0)),元データ!$A$2:$A$20000,$A51,元データ!$D$2:$D$20000,$B52,元データ!$B$2:$B$20000,$C$3,元データ!$C$2:$C$20000,D$5) -> 198 | E52: =SUMIFS(INDEX(元データ!$E$2:$H$20000,0,MATCH($C$2,元データ!$E$1:$H$1,0)),元データ!$A$2:$A$20000,$A51,元データ!$D$2:$D$20000,$B52,元データ!$B$2:$B$20000,$C$3,元データ!$C$2:$C$20000,E$5) -> 233 | F52: =SUMIFS(INDEX(元データ!$E$2:$H$20000,0,MATCH($C$2,元データ!$E$1:$H$1,0)),元データ!$A$2:$A$20000,$A51,元データ!$D$2:$D$20000,$B52,元データ!$B$2:$B$20000,$C$3,元データ!$C$2:$C$20000,F$5) -> 225 | G52: =SUMIFS(INDEX(元データ!$E$2:$H$20000,0,MATCH($C$2,元データ!$E$1:$H$1,0)),元データ!$A$2:$A$20000,$A51,元データ!$D$2:$D$20000,$B52,元データ!$B$2:$B$20000,$C$3,元データ!$C$2:$C$20000,G$5) -> 230 | H52: =SUMIFS(INDEX(元データ!$E$2:$H$20000,0,MATCH($C$2,元データ!$E$1:$H$1,0)),元データ!$A$2:$A$20000,$A51,元データ!$D$2:$D$20000,$B52,元データ!$B$2:$B$20000,$C$3,元データ!$C$2:$C$20000,H$5) -> 152 | I52: =SUMIFS(INDEX(元データ!$E$2:$H$20000,0,MATCH($C$2,元データ!$E$1:$H$1,0)),元データ!$A$2:$A$20000,$A51,元データ!$D$2:$D$20000,$B52,元データ!$B$2:$B$20000,$C$3,元データ!$C$2:$C$20000,I$5) -> 115 | J52: =SUMIFS(INDEX(元データ!$E$2:$H$20000,0,MATCH($C$2,元データ!$E$1:$H$1,0)),元データ!$A$2:$A$20000,$A51,元データ!$D$2:$D$20000,$B52,元データ!$B$2:$B$20000,$C$3,元データ!$C$2:$C$20000,J$5) -> 245 | ... N52: =SUMIFS(INDEX(元データ!$E$2:$H$20000,0,MATCH($C$2,元データ!$E$1:$H$1,0)),元データ!$A$2:$A$20000,$A51,元データ!$D$2:$D$20000,$B52,元データ!$B$2:$B$20000,$C$3,元データ!$C$2:$C$20000,N$5) -> 209 | O52: =SUM(C52:N52) -> 2586 | P52: =SUMIFS(INDEX(元データ!$E$2:$H$20000,0,MATCH($C$2,元データ!$E$1:$H$1,0)),元データ!$A$2:$A$20000,$A51,元データ!$D$2:$D$20000,$B52,元データ!$B$2:$B$20000,$D$3) -> 2848 | Q52: =IFERROR(O52/P52,"") -> 0.90800562
B53: ジャケット | C53: =SUMIFS(INDEX(元データ!$E$2:$H$20000,0,MATCH($C$2,元データ!$E$1:$H$1,0)),元データ!$A$2:$A$20000,$A51,元データ!$D$2:$D$20000,$B53,元データ!$B$2:$B$20000,$C$3,元データ!$C$2:$C$20000,C$5) -> 107 | D53: =SUMIFS(INDEX(元データ!$E$2:$H$20000,0,MATCH($C$2,元データ!$E$1:$H$1,0)),元データ!$A$2:$A$20000,$A51,元データ!$D$2:$D$20000,$B53,元データ!$B$2:$B$20000,$C$3,元データ!$C$2:$C$20000,D$5) -> 127 | E53: =SUMIFS(INDEX(元データ!$E$2:$H$20000,0,MATCH($C$2,元データ!$E$1:$H$1,0)),元データ!$A$2:$A$20000,$A51,元データ!$D$2:$D$20000,$B53,元データ!$B$2:$B$20000,$C$3,元データ!$C$2:$C$20000,E$5) -> 198 | F53: =SUMIFS(INDEX(元データ!$E$2:$H$20000,0,MATCH($C$2,元データ!$E$1:$H$1,0)),元データ!$A$2:$A$20000,$A51,元データ!$D$2:$D$20000,$B53,元データ!$B$2:$B$20000,$C$3,元データ!$C$2:$C$20000,F$5) -> 190 | G53: =SUMIFS(INDEX(元データ!$E$2:$H$20000,0,MATCH($C$2,元データ!$E$1:$H$1,0)),元データ!$A$2:$A$20000,$A51,元データ!$D$2:$D$20000,$B53,元データ!$B$2:$B$20000,$C$3,元データ!$C$2:$C$20000,G$5) -> 176 | H53: =SUMIFS(INDEX(元データ!$E$2:$H$20000,0,MATCH($C$2,元データ!$E$1:$H$1,0)),元データ!$A$2:$A$20000,$A51,元データ!$D$2:$D$20000,$B53,元データ!$B$2:$B$20000,$C$3,元データ!$C$2:$C$20000,H$5) -> 152 | I53: =SUMIFS(INDEX(元データ!$E$2:$H$20000,0,MATCH($C$2,元データ!$E$1:$H$1,0)),元データ!$A$2:$A$20000,$A51,元データ!$D$2:$D$20000,$B53,元データ!$B$2:$B$20000,$C$3,元データ!$C$2:$C$20000,I$5) -> 89 | J53: =SUMIFS(INDEX(元データ!$E$2:$H$20000,0,MATCH($C$2,元データ!$E$1:$H$1,0)),元データ!$A$2:$A$20000,$A51,元データ!$D$2:$D$20000,$B53,元データ!$B$2:$B$20000,$C$3,元データ!$C$2:$C$20000,J$5) -> 218 | ... N53: =SUMIFS(INDEX(元データ!$E$2:$H$20000,0,MATCH($C$2,元データ!$E$1:$H$1,0)),元データ!$A$2:$A$20000,$A51,元データ!$D$2:$D$20000,$B53,元データ!$B$2:$B$20000,$C$3,元データ!$C$2:$C$20000,N$5) -> 161 | O53: =SUM(C53:N53) -> 2132 | P53: =SUMIFS(INDEX(元データ!$E$2:$H$20000,0,MATCH($C$2,元データ!$E$1:$H$1,0)),元データ!$A$2:$A$20000,$A51,元データ!$D$2:$D$20000,$B53,元データ!$B$2:$B$20000,$D$3) -> 2248 | Q53: =IFERROR(O53/P53,"") -> 0.94839858
A54: =店舗マスタ!A18 -> 長泉店 | B54: ワイシャツ | C54: =SUMIFS(INDEX(元データ!$E$2:$H$20000,0,MATCH($C$2,元データ!$E$1:$H$1,0)),元データ!$A$2:$A$20000,$A54,元データ!$D$2:$D$20000,$B54,元データ!$B$2:$B$20000,$C$3,元データ!$C$2:$C$20000,C$5) -> 1030 | D54: =SUMIFS(INDEX(元データ!$E$2:$H$20000,0,MATCH($C$2,元データ!$E$1:$H$1,0)),元データ!$A$2:$A$20000,$A54,元データ!$D$2:$D$20000,$B54,元データ!$B$2:$B$20000,$C$3,元データ!$C$2:$C$20000,D$5) -> 1325 | E54: =SUMIFS(INDEX(元データ!$E$2:$H$20000,0,MATCH($C$2,元データ!$E$1:$H$1,0)),元データ!$A$2:$A$20000,$A54,元データ!$D$2:$D$20000,$B54,元データ!$B$2:$B$20000,$C$3,元データ!$C$2:$C$20000,E$5) -> 1614 | F54: =SUMIFS(INDEX(元データ!$E$2:$H$20000,0,MATCH($C$2,元データ!$E$1:$H$1,0)),元データ!$A$2:$A$20000,$A54,元データ!$D$2:$D$20000,$B54,元データ!$B$2:$B$20000,$C$3,元データ!$C$2:$C$20000,F$5) -> 1428 | G54: =SUMIFS(INDEX(元データ!$E$2:$H$20000,0,MATCH($C$2,元データ!$E$1:$H$1,0)),元データ!$A$2:$A$20000,$A54,元データ!$D$2:$D$20000,$B54,元データ!$B$2:$B$20000,$C$3,元データ!$C$2:$C$20000,G$5) -> 1522 | H54: =SUMIFS(INDEX(元データ!$E$2:$H$20000,0,MATCH($C$2,元データ!$E$1:$H$1,0)),元データ!$A$2:$A$20000,$A54,元データ!$D$2:$D$20000,$B54,元データ!$B$2:$B$20000,$C$3,元データ!$C$2:$C$20000,H$5) -> 1089 | I54: =SUMIFS(INDEX(元データ!$E$2:$H$20000,0,MATCH($C$2,元データ!$E$1:$H$1,0)),元データ!$A$2:$A$20000,$A54,元データ!$D$2:$D$20000,$B54,元データ!$B$2:$B$20000,$C$3,元データ!$C$2:$C$20000,I$5) -> 1220 | J54: =SUMIFS(INDEX(元データ!$E$2:$H$20000,0,MATCH($C$2,元データ!$E$1:$H$1,0)),元データ!$A$2:$A$20000,$A54,元データ!$D$2:$D$20000,$B54,元データ!$B$2:$B$20000,$C$3,元データ!$C$2:$C$20000,J$5) -> 1436 | ... N54: =SUMIFS(INDEX(元データ!$E$2:$H$20000,0,MATCH($C$2,元データ!$E$1:$H$1,0)),元データ!$A$2:$A$20000,$A54,元データ!$D$2:$D$20000,$B54,元データ!$B$2:$B$20000,$C$3,元データ!$C$2:$C$20000,N$5) -> 1282 | O54: =SUM(C54:N54) -> 15928 | P54: =SUMIFS(INDEX(元データ!$E$2:$H$20000,0,MATCH($C$2,元データ!$E$1:$H$1,0)),元データ!$A$2:$A$20000,$A54,元データ!$D$2:$D$20000,$B54,元データ!$B$2:$B$20000,$D$3) -> 19357 | Q54: =IFERROR(O54/P54,"") -> 0.82285478
B55: ズボン | C55: =SUMIFS(INDEX(元データ!$E$2:$H$20000,0,MATCH($C$2,元データ!$E$1:$H$1,0)),元データ!$A$2:$A$20000,$A54,元データ!$D$2:$D$20000,$B55,元データ!$B$2:$B$20000,$C$3,元データ!$C$2:$C$20000,C$5) -> 628 | D55: =SUMIFS(INDEX(元データ!$E$2:$H$20000,0,MATCH($C$2,元データ!$E$1:$H$1,0)),元データ!$A$2:$A$20000,$A54,元データ!$D$2:$D$20000,$B55,元データ!$B$2:$B$20000,$C$3,元データ!$C$2:$C$20000,D$5) -> 657 | E55: =SUMIFS(INDEX(元データ!$E$2:$H$20000,0,MATCH($C$2,元データ!$E$1:$H$1,0)),元データ!$A$2:$A$20000,$A54,元データ!$D$2:$D$20000,$B55,元データ!$B$2:$B$20000,$C$3,元データ!$C$2:$C$20000,E$5) -> 784 | F55: =SUMIFS(INDEX(元データ!$E$2:$H$20000,0,MATCH($C$2,元データ!$E$1:$H$1,0)),元データ!$A$2:$A$20000,$A54,元データ!$D$2:$D$20000,$B55,元データ!$B$2:$B$20000,$C$3,元データ!$C$2:$C$20000,F$5) -> 484 | G55: =SUMIFS(INDEX(元データ!$E$2:$H$20000,0,MATCH($C$2,元データ!$E$1:$H$1,0)),元データ!$A$2:$A$20000,$A54,元データ!$D$2:$D$20000,$B55,元データ!$B$2:$B$20000,$C$3,元データ!$C$2:$C$20000,G$5) -> 817 | H55: =SUMIFS(INDEX(元データ!$E$2:$H$20000,0,MATCH($C$2,元データ!$E$1:$H$1,0)),元データ!$A$2:$A$20000,$A54,元データ!$D$2:$D$20000,$B55,元データ!$B$2:$B$20000,$C$3,元データ!$C$2:$C$20000,H$5) -> 525 | I55: =SUMIFS(INDEX(元データ!$E$2:$H$20000,0,MATCH($C$2,元データ!$E$1:$H$1,0)),元データ!$A$2:$A$20000,$A54,元データ!$D$2:$D$20000,$B55,元データ!$B$2:$B$20000,$C$3,元データ!$C$2:$C$20000,I$5) -> 487 | J55: =SUMIFS(INDEX(元データ!$E$2:$H$20000,0,MATCH($C$2,元データ!$E$1:$H$1,0)),元データ!$A$2:$A$20000,$A54,元データ!$D$2:$D$20000,$B55,元データ!$B$2:$B$20000,$C$3,元データ!$C$2:$C$20000,J$5) -> 793 | ... N55: =SUMIFS(INDEX(元データ!$E$2:$H$20000,0,MATCH($C$2,元データ!$E$1:$H$1,0)),元データ!$A$2:$A$20000,$A54,元データ!$D$2:$D$20000,$B55,元データ!$B$2:$B$20000,$C$3,元データ!$C$2:$C$20000,N$5) -> 662 | O55: =SUM(C55:N55) -> 8434 | P55: =SUMIFS(INDEX(元データ!$E$2:$H$20000,0,MATCH($C$2,元データ!$E$1:$H$1,0)),元データ!$A$2:$A$20000,$A54,元データ!$D$2:$D$20000,$B55,元データ!$B$2:$B$20000,$D$3) -> 8985 | Q55: =IFERROR(O55/P55,"") -> 0.93867557
B56: ジャケット | C56: =SUMIFS(INDEX(元データ!$E$2:$H$20000,0,MATCH($C$2,元データ!$E$1:$H$1,0)),元データ!$A$2:$A$20000,$A54,元データ!$D$2:$D$20000,$B56,元データ!$B$2:$B$20000,$C$3,元データ!$C$2:$C$20000,C$5) -> 261 | D56: =SUMIFS(INDEX(元データ!$E$2:$H$20000,0,MATCH($C$2,元データ!$E$1:$H$1,0)),元データ!$A$2:$A$20000,$A54,元データ!$D$2:$D$20000,$B56,元データ!$B$2:$B$20000,$C$3,元データ!$C$2:$C$20000,D$5) -> 312 | E56: =SUMIFS(INDEX(元データ!$E$2:$H$20000,0,MATCH($C$2,元データ!$E$1:$H$1,0)),元データ!$A$2:$A$20000,$A54,元データ!$D$2:$D$20000,$B56,元データ!$B$2:$B$20000,$C$3,元データ!$C$2:$C$20000,E$5) -> 486 | F56: =SUMIFS(INDEX(元データ!$E$2:$H$20000,0,MATCH($C$2,元データ!$E$1:$H$1,0)),元データ!$A$2:$A$20000,$A54,元データ!$D$2:$D$20000,$B56,元データ!$B$2:$B$20000,$C$3,元データ!$C$2:$C$20000,F$5) -> 490 | G56: =SUMIFS(INDEX(元データ!$E$2:$H$20000,0,MATCH($C$2,元データ!$E$1:$H$1,0)),元データ!$A$2:$A$20000,$A54,元データ!$D$2:$D$20000,$B56,元データ!$B$2:$B$20000,$C$3,元データ!$C$2:$C$20000,G$5) -> 591 | H56: =SUMIFS(INDEX(元データ!$E$2:$H$20000,0,MATCH($C$2,元データ!$E$1:$H$1,0)),元データ!$A$2:$A$20000,$A54,元データ!$D$2:$D$20000,$B56,元データ!$B$2:$B$20000,$C$3,元データ!$C$2:$C$20000,H$5) -> 404 | I56: =SUMIFS(INDEX(元データ!$E$2:$H$20000,0,MATCH($C$2,元データ!$E$1:$H$1,0)),元データ!$A$2:$A$20000,$A54,元データ!$D$2:$D$20000,$B56,元データ!$B$2:$B$20000,$C$3,元データ!$C$2:$C$20000,I$5) -> 346 | J56: =SUMIFS(INDEX(元データ!$E$2:$H$20000,0,MATCH($C$2,元データ!$E$1:$H$1,0)),元データ!$A$2:$A$20000,$A54,元データ!$D$2:$D$20000,$B56,元データ!$B$2:$B$20000,$C$3,元データ!$C$2:$C$20000,J$5) -> 657 | ... N56: =SUMIFS(INDEX(元データ!$E$2:$H$20000,0,MATCH($C$2,元データ!$E$1:$H$1,0)),元データ!$A$2:$A$20000,$A54,元データ!$D$2:$D$20000,$B56,元データ!$B$2:$B$20000,$C$3,元データ!$C$2:$C$20000,N$5) -> 347 | O56: =SUM(C56:N56) -> 5936 | P56: =SUMIFS(INDEX(元データ!$E$2:$H$20000,0,MATCH($C$2,元データ!$E$1:$H$1,0)),元データ!$A$2:$A$20000,$A54,元データ!$D$2:$D$20000,$B56,元データ!$B$2:$B$20000,$D$3) -> 6020 | Q56: =IFERROR(O56/P56,"") -> 0.98604651
A57: =店舗マスタ!A19 -> 大仁店 | B57: ワイシャツ | C57: =SUMIFS(INDEX(元データ!$E$2:$H$20000,0,MATCH($C$2,元データ!$E$1:$H$1,0)),元データ!$A$2:$A$20000,$A57,元データ!$D$2:$D$20000,$B57,元データ!$B$2:$B$20000,$C$3,元データ!$C$2:$C$20000,C$5) -> 367 | D57: =SUMIFS(INDEX(元データ!$E$2:$H$20000,0,MATCH($C$2,元データ!$E$1:$H$1,0)),元データ!$A$2:$A$20000,$A57,元データ!$D$2:$D$20000,$B57,元データ!$B$2:$B$20000,$C$3,元データ!$C$2:$C$20000,D$5) -> 357 | E57: =SUMIFS(INDEX(元データ!$E$2:$H$20000,0,MATCH($C$2,元データ!$E$1:$H$1,0)),元データ!$A$2:$A$20000,$A57,元データ!$D$2:$D$20000,$B57,元データ!$B$2:$B$20000,$C$3,元データ!$C$2:$C$20000,E$5) -> 461 | F57: =SUMIFS(INDEX(元データ!$E$2:$H$20000,0,MATCH($C$2,元データ!$E$1:$H$1,0)),元データ!$A$2:$A$20000,$A57,元データ!$D$2:$D$20000,$B57,元データ!$B$2:$B$20000,$C$3,元データ!$C$2:$C$20000,F$5) -> 377 | G57: =SUMIFS(INDEX(元データ!$E$2:$H$20000,0,MATCH($C$2,元データ!$E$1:$H$1,0)),元データ!$A$2:$A$20000,$A57,元データ!$D$2:$D$20000,$B57,元データ!$B$2:$B$20000,$C$3,元データ!$C$2:$C$20000,G$5) -> 368 | H57: =SUMIFS(INDEX(元データ!$E$2:$H$20000,0,MATCH($C$2,元データ!$E$1:$H$1,0)),元データ!$A$2:$A$20000,$A57,元データ!$D$2:$D$20000,$B57,元データ!$B$2:$B$20000,$C$3,元データ!$C$2:$C$20000,H$5) -> 330 | I57: =SUMIFS(INDEX(元データ!$E$2:$H$20000,0,MATCH($C$2,元データ!$E$1:$H$1,0)),元データ!$A$2:$A$20000,$A57,元データ!$D$2:$D$20000,$B57,元データ!$B$2:$B$20000,$C$3,元データ!$C$2:$C$20000,I$5) -> 297 | J57: =SUMIFS(INDEX(元データ!$E$2:$H$20000,0,MATCH($C$2,元データ!$E$1:$H$1,0)),元データ!$A$2:$A$20000,$A57,元データ!$D$2:$D$20000,$B57,元データ!$B$2:$B$20000,$C$3,元データ!$C$2:$C$20000,J$5) -> 378 | ... N57: =SUMIFS(INDEX(元データ!$E$2:$H$20000,0,MATCH($C$2,元データ!$E$1:$H$1,0)),元データ!$A$2:$A$20000,$A57,元データ!$D$2:$D$20000,$B57,元データ!$B$2:$B$20000,$C$3,元データ!$C$2:$C$20000,N$5) -> 352 | O57: =SUM(C57:N57) -> 4296 | P57: =SUMIFS(INDEX(元データ!$E$2:$H$20000,0,MATCH($C$2,元データ!$E$1:$H$1,0)),元データ!$A$2:$A$20000,$A57,元データ!$D$2:$D$20000,$B57,元データ!$B$2:$B$20000,$D$3) -> 5327 | Q57: =IFERROR(O57/P57,"") -> 0.80645767
B58: ズボン | C58: =SUMIFS(INDEX(元データ!$E$2:$H$20000,0,MATCH($C$2,元データ!$E$1:$H$1,0)),元データ!$A$2:$A$20000,$A57,元データ!$D$2:$D$20000,$B58,元データ!$B$2:$B$20000,$C$3,元データ!$C$2:$C$20000,C$5) -> 222 | D58: =SUMIFS(INDEX(元データ!$E$2:$H$20000,0,MATCH($C$2,元データ!$E$1:$H$1,0)),元データ!$A$2:$A$20000,$A57,元データ!$D$2:$D$20000,$B58,元データ!$B$2:$B$20000,$C$3,元データ!$C$2:$C$20000,D$5) -> 242 | E58: =SUMIFS(INDEX(元データ!$E$2:$H$20000,0,MATCH($C$2,元データ!$E$1:$H$1,0)),元データ!$A$2:$A$20000,$A57,元データ!$D$2:$D$20000,$B58,元データ!$B$2:$B$20000,$C$3,元データ!$C$2:$C$20000,E$5) -> 368 | F58: =SUMIFS(INDEX(元データ!$E$2:$H$20000,0,MATCH($C$2,元データ!$E$1:$H$1,0)),元データ!$A$2:$A$20000,$A57,元データ!$D$2:$D$20000,$B58,元データ!$B$2:$B$20000,$C$3,元データ!$C$2:$C$20000,F$5) -> 206 | G58: =SUMIFS(INDEX(元データ!$E$2:$H$20000,0,MATCH($C$2,元データ!$E$1:$H$1,0)),元データ!$A$2:$A$20000,$A57,元データ!$D$2:$D$20000,$B58,元データ!$B$2:$B$20000,$C$3,元データ!$C$2:$C$20000,G$5) -> 273 | H58: =SUMIFS(INDEX(元データ!$E$2:$H$20000,0,MATCH($C$2,元データ!$E$1:$H$1,0)),元データ!$A$2:$A$20000,$A57,元データ!$D$2:$D$20000,$B58,元データ!$B$2:$B$20000,$C$3,元データ!$C$2:$C$20000,H$5) -> 174 | I58: =SUMIFS(INDEX(元データ!$E$2:$H$20000,0,MATCH($C$2,元データ!$E$1:$H$1,0)),元データ!$A$2:$A$20000,$A57,元データ!$D$2:$D$20000,$B58,元データ!$B$2:$B$20000,$C$3,元データ!$C$2:$C$20000,I$5) -> 158 | J58: =SUMIFS(INDEX(元データ!$E$2:$H$20000,0,MATCH($C$2,元データ!$E$1:$H$1,0)),元データ!$A$2:$A$20000,$A57,元データ!$D$2:$D$20000,$B58,元データ!$B$2:$B$20000,$C$3,元データ!$C$2:$C$20000,J$5) -> 323 | ... N58: =SUMIFS(INDEX(元データ!$E$2:$H$20000,0,MATCH($C$2,元データ!$E$1:$H$1,0)),元データ!$A$2:$A$20000,$A57,元データ!$D$2:$D$20000,$B58,元データ!$B$2:$B$20000,$C$3,元データ!$C$2:$C$20000,N$5) -> 272 | O58: =SUM(C58:N58) -> 3169 | P58: =SUMIFS(INDEX(元データ!$E$2:$H$20000,0,MATCH($C$2,元データ!$E$1:$H$1,0)),元データ!$A$2:$A$20000,$A57,元データ!$D$2:$D$20000,$B58,元データ!$B$2:$B$20000,$D$3) -> 3393 | Q58: =IFERROR(O58/P58,"") -> 0.93398173
B59: ジャケット | C59: =SUMIFS(INDEX(元データ!$E$2:$H$20000,0,MATCH($C$2,元データ!$E$1:$H$1,0)),元データ!$A$2:$A$20000,$A57,元データ!$D$2:$D$20000,$B59,元データ!$B$2:$B$20000,$C$3,元データ!$C$2:$C$20000,C$5) -> 117 | D59: =SUMIFS(INDEX(元データ!$E$2:$H$20000,0,MATCH($C$2,元データ!$E$1:$H$1,0)),元データ!$A$2:$A$20000,$A57,元データ!$D$2:$D$20000,$B59,元データ!$B$2:$B$20000,$C$3,元データ!$C$2:$C$20000,D$5) -> 156 | E59: =SUMIFS(INDEX(元データ!$E$2:$H$20000,0,MATCH($C$2,元データ!$E$1:$H$1,0)),元データ!$A$2:$A$20000,$A57,元データ!$D$2:$D$20000,$B59,元データ!$B$2:$B$20000,$C$3,元データ!$C$2:$C$20000,E$5) -> 246 | F59: =SUMIFS(INDEX(元データ!$E$2:$H$20000,0,MATCH($C$2,元データ!$E$1:$H$1,0)),元データ!$A$2:$A$20000,$A57,元データ!$D$2:$D$20000,$B59,元データ!$B$2:$B$20000,$C$3,元データ!$C$2:$C$20000,F$5) -> 139 | G59: =SUMIFS(INDEX(元データ!$E$2:$H$20000,0,MATCH($C$2,元データ!$E$1:$H$1,0)),元データ!$A$2:$A$20000,$A57,元データ!$D$2:$D$20000,$B59,元データ!$B$2:$B$20000,$C$3,元データ!$C$2:$C$20000,G$5) -> 237 | H59: =SUMIFS(INDEX(元データ!$E$2:$H$20000,0,MATCH($C$2,元データ!$E$1:$H$1,0)),元データ!$A$2:$A$20000,$A57,元データ!$D$2:$D$20000,$B59,元データ!$B$2:$B$20000,$C$3,元データ!$C$2:$C$20000,H$5) -> 152 | I59: =SUMIFS(INDEX(元データ!$E$2:$H$20000,0,MATCH($C$2,元データ!$E$1:$H$1,0)),元データ!$A$2:$A$20000,$A57,元データ!$D$2:$D$20000,$B59,元データ!$B$2:$B$20000,$C$3,元データ!$C$2:$C$20000,I$5) -> 126 | J59: =SUMIFS(INDEX(元データ!$E$2:$H$20000,0,MATCH($C$2,元データ!$E$1:$H$1,0)),元データ!$A$2:$A$20000,$A57,元データ!$D$2:$D$20000,$B59,元データ!$B$2:$B$20000,$C$3,元データ!$C$2:$C$20000,J$5) -> 264 | ... N59: =SUMIFS(INDEX(元データ!$E$2:$H$20000,0,MATCH($C$2,元データ!$E$1:$H$1,0)),元データ!$A$2:$A$20000,$A57,元データ!$D$2:$D$20000,$B59,元データ!$B$2:$B$20000,$C$3,元データ!$C$2:$C$20000,N$5) -> 164 | O59: =SUM(C59:N59) -> 2466 | P59: =SUMIFS(INDEX(元データ!$E$2:$H$20000,0,MATCH($C$2,元データ!$E$1:$H$1,0)),元データ!$A$2:$A$20000,$A57,元データ!$D$2:$D$20000,$B59,元データ!$B$2:$B$20000,$D$3) -> 2652 | Q59: =IFERROR(O59/P59,"") -> 0.92986425
A60: =店舗マスタ!A20 -> 修善寺店 | B60: ワイシャツ | C60: =SUMIFS(INDEX(元データ!$E$2:$H$20000,0,MATCH($C$2,元データ!$E$1:$H$1,0)),元データ!$A$2:$A$20000,$A60,元データ!$D$2:$D$20000,$B60,元データ!$B$2:$B$20000,$C$3,元データ!$C$2:$C$20000,C$5) -> 348 | D60: =SUMIFS(INDEX(元データ!$E$2:$H$20000,0,MATCH($C$2,元データ!$E$1:$H$1,0)),元データ!$A$2:$A$20000,$A60,元データ!$D$2:$D$20000,$B60,元データ!$B$2:$B$20000,$C$3,元データ!$C$2:$C$20000,D$5) -> 379 | E60: =SUMIFS(INDEX(元データ!$E$2:$H$20000,0,MATCH($C$2,元データ!$E$1:$H$1,0)),元データ!$A$2:$A$20000,$A60,元データ!$D$2:$D$20000,$B60,元データ!$B$2:$B$20000,$C$3,元データ!$C$2:$C$20000,E$5) -> 547 | F60: =SUMIFS(INDEX(元データ!$E$2:$H$20000,0,MATCH($C$2,元データ!$E$1:$H$1,0)),元データ!$A$2:$A$20000,$A60,元データ!$D$2:$D$20000,$B60,元データ!$B$2:$B$20000,$C$3,元データ!$C$2:$C$20000,F$5) -> 384 | G60: =SUMIFS(INDEX(元データ!$E$2:$H$20000,0,MATCH($C$2,元データ!$E$1:$H$1,0)),元データ!$A$2:$A$20000,$A60,元データ!$D$2:$D$20000,$B60,元データ!$B$2:$B$20000,$C$3,元データ!$C$2:$C$20000,G$5) -> 428 | H60: =SUMIFS(INDEX(元データ!$E$2:$H$20000,0,MATCH($C$2,元データ!$E$1:$H$1,0)),元データ!$A$2:$A$20000,$A60,元データ!$D$2:$D$20000,$B60,元データ!$B$2:$B$20000,$C$3,元データ!$C$2:$C$20000,H$5) -> 324 | I60: =SUMIFS(INDEX(元データ!$E$2:$H$20000,0,MATCH($C$2,元データ!$E$1:$H$1,0)),元データ!$A$2:$A$20000,$A60,元データ!$D$2:$D$20000,$B60,元データ!$B$2:$B$20000,$C$3,元データ!$C$2:$C$20000,I$5) -> 335 | J60: =SUMIFS(INDEX(元データ!$E$2:$H$20000,0,MATCH($C$2,元データ!$E$1:$H$1,0)),元データ!$A$2:$A$20000,$A60,元データ!$D$2:$D$20000,$B60,元データ!$B$2:$B$20000,$C$3,元データ!$C$2:$C$20000,J$5) -> 545 | ... N60: =SUMIFS(INDEX(元データ!$E$2:$H$20000,0,MATCH($C$2,元データ!$E$1:$H$1,0)),元データ!$A$2:$A$20000,$A60,元データ!$D$2:$D$20000,$B60,元データ!$B$2:$B$20000,$C$3,元データ!$C$2:$C$20000,N$5) -> 414 | O60: =SUM(C60:N60) -> 4982 | P60: =SUMIFS(INDEX(元データ!$E$2:$H$20000,0,MATCH($C$2,元データ!$E$1:$H$1,0)),元データ!$A$2:$A$20000,$A60,元データ!$D$2:$D$20000,$B60,元データ!$B$2:$B$20000,$D$3) -> 5269 | Q60: =IFERROR(O60/P60,"") -> 0.94553046
B61: ズボン | C61: =SUMIFS(INDEX(元データ!$E$2:$H$20000,0,MATCH($C$2,元データ!$E$1:$H$1,0)),元データ!$A$2:$A$20000,$A60,元データ!$D$2:$D$20000,$B61,元データ!$B$2:$B$20000,$C$3,元データ!$C$2:$C$20000,C$5) -> 225 | D61: =SUMIFS(INDEX(元データ!$E$2:$H$20000,0,MATCH($C$2,元データ!$E$1:$H$1,0)),元データ!$A$2:$A$20000,$A60,元データ!$D$2:$D$20000,$B61,元データ!$B$2:$B$20000,$C$3,元データ!$C$2:$C$20000,D$5) -> 224 | E61: =SUMIFS(INDEX(元データ!$E$2:$H$20000,0,MATCH($C$2,元データ!$E$1:$H$1,0)),元データ!$A$2:$A$20000,$A60,元データ!$D$2:$D$20000,$B61,元データ!$B$2:$B$20000,$C$3,元データ!$C$2:$C$20000,E$5) -> 334 | F61: =SUMIFS(INDEX(元データ!$E$2:$H$20000,0,MATCH($C$2,元データ!$E$1:$H$1,0)),元データ!$A$2:$A$20000,$A60,元データ!$D$2:$D$20000,$B61,元データ!$B$2:$B$20000,$C$3,元データ!$C$2:$C$20000,F$5) -> 320 | G61: =SUMIFS(INDEX(元データ!$E$2:$H$20000,0,MATCH($C$2,元データ!$E$1:$H$1,0)),元データ!$A$2:$A$20000,$A60,元データ!$D$2:$D$20000,$B61,元データ!$B$2:$B$20000,$C$3,元データ!$C$2:$C$20000,G$5) -> 249 | H61: =SUMIFS(INDEX(元データ!$E$2:$H$20000,0,MATCH($C$2,元データ!$E$1:$H$1,0)),元データ!$A$2:$A$20000,$A60,元データ!$D$2:$D$20000,$B61,元データ!$B$2:$B$20000,$C$3,元データ!$C$2:$C$20000,H$5) -> 143 | I61: =SUMIFS(INDEX(元データ!$E$2:$H$20000,0,MATCH($C$2,元データ!$E$1:$H$1,0)),元データ!$A$2:$A$20000,$A60,元データ!$D$2:$D$20000,$B61,元データ!$B$2:$B$20000,$C$3,元データ!$C$2:$C$20000,I$5) -> 157 | J61: =SUMIFS(INDEX(元データ!$E$2:$H$20000,0,MATCH($C$2,元データ!$E$1:$H$1,0)),元データ!$A$2:$A$20000,$A60,元データ!$D$2:$D$20000,$B61,元データ!$B$2:$B$20000,$C$3,元データ!$C$2:$C$20000,J$5) -> 293 | ... N61: =SUMIFS(INDEX(元データ!$E$2:$H$20000,0,MATCH($C$2,元データ!$E$1:$H$1,0)),元データ!$A$2:$A$20000,$A60,元データ!$D$2:$D$20000,$B61,元データ!$B$2:$B$20000,$C$3,元データ!$C$2:$C$20000,N$5) -> 244 | O61: =SUM(C61:N61) -> 3127 | P61: =SUMIFS(INDEX(元データ!$E$2:$H$20000,0,MATCH($C$2,元データ!$E$1:$H$1,0)),元データ!$A$2:$A$20000,$A60,元データ!$D$2:$D$20000,$B61,元データ!$B$2:$B$20000,$D$3) -> 3268 | Q61: =IFERROR(O61/P61,"") -> 0.95685435
B62: ジャケット | C62: =SUMIFS(INDEX(元データ!$E$2:$H$20000,0,MATCH($C$2,元データ!$E$1:$H$1,0)),元データ!$A$2:$A$20000,$A60,元データ!$D$2:$D$20000,$B62,元データ!$B$2:$B$20000,$C$3,元データ!$C$2:$C$20000,C$5) -> 143 | D62: =SUMIFS(INDEX(元データ!$E$2:$H$20000,0,MATCH($C$2,元データ!$E$1:$H$1,0)),元データ!$A$2:$A$20000,$A60,元データ!$D$2:$D$20000,$B62,元データ!$B$2:$B$20000,$C$3,元データ!$C$2:$C$20000,D$5) -> 167 | E62: =SUMIFS(INDEX(元データ!$E$2:$H$20000,0,MATCH($C$2,元データ!$E$1:$H$1,0)),元データ!$A$2:$A$20000,$A60,元データ!$D$2:$D$20000,$B62,元データ!$B$2:$B$20000,$C$3,元データ!$C$2:$C$20000,E$5) -> 273 | F62: =SUMIFS(INDEX(元データ!$E$2:$H$20000,0,MATCH($C$2,元データ!$E$1:$H$1,0)),元データ!$A$2:$A$20000,$A60,元データ!$D$2:$D$20000,$B62,元データ!$B$2:$B$20000,$C$3,元データ!$C$2:$C$20000,F$5) -> 235 | G62: =SUMIFS(INDEX(元データ!$E$2:$H$20000,0,MATCH($C$2,元データ!$E$1:$H$1,0)),元データ!$A$2:$A$20000,$A60,元データ!$D$2:$D$20000,$B62,元データ!$B$2:$B$20000,$C$3,元データ!$C$2:$C$20000,G$5) -> 200 | H62: =SUMIFS(INDEX(元データ!$E$2:$H$20000,0,MATCH($C$2,元データ!$E$1:$H$1,0)),元データ!$A$2:$A$20000,$A60,元データ!$D$2:$D$20000,$B62,元データ!$B$2:$B$20000,$C$3,元データ!$C$2:$C$20000,H$5) -> 126 | I62: =SUMIFS(INDEX(元データ!$E$2:$H$20000,0,MATCH($C$2,元データ!$E$1:$H$1,0)),元データ!$A$2:$A$20000,$A60,元データ!$D$2:$D$20000,$B62,元データ!$B$2:$B$20000,$C$3,元データ!$C$2:$C$20000,I$5) -> 121 | J62: =SUMIFS(INDEX(元データ!$E$2:$H$20000,0,MATCH($C$2,元データ!$E$1:$H$1,0)),元データ!$A$2:$A$20000,$A60,元データ!$D$2:$D$20000,$B62,元データ!$B$2:$B$20000,$C$3,元データ!$C$2:$C$20000,J$5) -> 258 | ... N62: =SUMIFS(INDEX(元データ!$E$2:$H$20000,0,MATCH($C$2,元データ!$E$1:$H$1,0)),元データ!$A$2:$A$20000,$A60,元データ!$D$2:$D$20000,$B62,元データ!$B$2:$B$20000,$C$3,元データ!$C$2:$C$20000,N$5) -> 165 | O62: =SUM(C62:N62) -> 2487 | P62: =SUMIFS(INDEX(元データ!$E$2:$H$20000,0,MATCH($C$2,元データ!$E$1:$H$1,0)),元データ!$A$2:$A$20000,$A60,元データ!$D$2:$D$20000,$B62,元データ!$B$2:$B$20000,$D$3) -> 2488 | Q62: =IFERROR(O62/P62,"") -> 0.99959807
A63: =店舗マスタ!A21 -> W長泉店 | B63: ワイシャツ | C63: =SUMIFS(INDEX(元データ!$E$2:$H$20000,0,MATCH($C$2,元データ!$E$1:$H$1,0)),元データ!$A$2:$A$20000,$A63,元データ!$D$2:$D$20000,$B63,元データ!$B$2:$B$20000,$C$3,元データ!$C$2:$C$20000,C$5) -> 284 | D63: =SUMIFS(INDEX(元データ!$E$2:$H$20000,0,MATCH($C$2,元データ!$E$1:$H$1,0)),元データ!$A$2:$A$20000,$A63,元データ!$D$2:$D$20000,$B63,元データ!$B$2:$B$20000,$C$3,元データ!$C$2:$C$20000,D$5) -> 349 | E63: =SUMIFS(INDEX(元データ!$E$2:$H$20000,0,MATCH($C$2,元データ!$E$1:$H$1,0)),元データ!$A$2:$A$20000,$A63,元データ!$D$2:$D$20000,$B63,元データ!$B$2:$B$20000,$C$3,元データ!$C$2:$C$20000,E$5) -> 433 | F63: =SUMIFS(INDEX(元データ!$E$2:$H$20000,0,MATCH($C$2,元データ!$E$1:$H$1,0)),元データ!$A$2:$A$20000,$A63,元データ!$D$2:$D$20000,$B63,元データ!$B$2:$B$20000,$C$3,元データ!$C$2:$C$20000,F$5) -> 382 | G63: =SUMIFS(INDEX(元データ!$E$2:$H$20000,0,MATCH($C$2,元データ!$E$1:$H$1,0)),元データ!$A$2:$A$20000,$A63,元データ!$D$2:$D$20000,$B63,元データ!$B$2:$B$20000,$C$3,元データ!$C$2:$C$20000,G$5) -> 330 | H63: =SUMIFS(INDEX(元データ!$E$2:$H$20000,0,MATCH($C$2,元データ!$E$1:$H$1,0)),元データ!$A$2:$A$20000,$A63,元データ!$D$2:$D$20000,$B63,元データ!$B$2:$B$20000,$C$3,元データ!$C$2:$C$20000,H$5) -> 243 | I63: =SUMIFS(INDEX(元データ!$E$2:$H$20000,0,MATCH($C$2,元データ!$E$1:$H$1,0)),元データ!$A$2:$A$20000,$A63,元データ!$D$2:$D$20000,$B63,元データ!$B$2:$B$20000,$C$3,元データ!$C$2:$C$20000,I$5) -> 269 | J63: =SUMIFS(INDEX(元データ!$E$2:$H$20000,0,MATCH($C$2,元データ!$E$1:$H$1,0)),元データ!$A$2:$A$20000,$A63,元データ!$D$2:$D$20000,$B63,元データ!$B$2:$B$20000,$C$3,元データ!$C$2:$C$20000,J$5) -> 367 | ... N63: =SUMIFS(INDEX(元データ!$E$2:$H$20000,0,MATCH($C$2,元データ!$E$1:$H$1,0)),元データ!$A$2:$A$20000,$A63,元データ!$D$2:$D$20000,$B63,元データ!$B$2:$B$20000,$C$3,元データ!$C$2:$C$20000,N$5) -> 381 | O63: =SUM(C63:N63) -> 4132 | P63: =SUMIFS(INDEX(元データ!$E$2:$H$20000,0,MATCH($C$2,元データ!$E$1:$H$1,0)),元データ!$A$2:$A$20000,$A63,元データ!$D$2:$D$20000,$B63,元データ!$B$2:$B$20000,$D$3) -> 5713 | Q63: =IFERROR(O63/P63,"") -> 0.72326273
B64: ズボン | C64: =SUMIFS(INDEX(元データ!$E$2:$H$20000,0,MATCH($C$2,元データ!$E$1:$H$1,0)),元データ!$A$2:$A$20000,$A63,元データ!$D$2:$D$20000,$B64,元データ!$B$2:$B$20000,$C$3,元データ!$C$2:$C$20000,C$5) -> 241 | D64: =SUMIFS(INDEX(元データ!$E$2:$H$20000,0,MATCH($C$2,元データ!$E$1:$H$1,0)),元データ!$A$2:$A$20000,$A63,元データ!$D$2:$D$20000,$B64,元データ!$B$2:$B$20000,$C$3,元データ!$C$2:$C$20000,D$5) -> 234 | E64: =SUMIFS(INDEX(元データ!$E$2:$H$20000,0,MATCH($C$2,元データ!$E$1:$H$1,0)),元データ!$A$2:$A$20000,$A63,元データ!$D$2:$D$20000,$B64,元データ!$B$2:$B$20000,$C$3,元データ!$C$2:$C$20000,E$5) -> 372 | F64: =SUMIFS(INDEX(元データ!$E$2:$H$20000,0,MATCH($C$2,元データ!$E$1:$H$1,0)),元データ!$A$2:$A$20000,$A63,元データ!$D$2:$D$20000,$B64,元データ!$B$2:$B$20000,$C$3,元データ!$C$2:$C$20000,F$5) -> 319 | G64: =SUMIFS(INDEX(元データ!$E$2:$H$20000,0,MATCH($C$2,元データ!$E$1:$H$1,0)),元データ!$A$2:$A$20000,$A63,元データ!$D$2:$D$20000,$B64,元データ!$B$2:$B$20000,$C$3,元データ!$C$2:$C$20000,G$5) -> 324 | H64: =SUMIFS(INDEX(元データ!$E$2:$H$20000,0,MATCH($C$2,元データ!$E$1:$H$1,0)),元データ!$A$2:$A$20000,$A63,元データ!$D$2:$D$20000,$B64,元データ!$B$2:$B$20000,$C$3,元データ!$C$2:$C$20000,H$5) -> 202 | I64: =SUMIFS(INDEX(元データ!$E$2:$H$20000,0,MATCH($C$2,元データ!$E$1:$H$1,0)),元データ!$A$2:$A$20000,$A63,元データ!$D$2:$D$20000,$B64,元データ!$B$2:$B$20000,$C$3,元データ!$C$2:$C$20000,I$5) -> 191 | J64: =SUMIFS(INDEX(元データ!$E$2:$H$20000,0,MATCH($C$2,元データ!$E$1:$H$1,0)),元データ!$A$2:$A$20000,$A63,元データ!$D$2:$D$20000,$B64,元データ!$B$2:$B$20000,$C$3,元データ!$C$2:$C$20000,J$5) -> 310 | ... N64: =SUMIFS(INDEX(元データ!$E$2:$H$20000,0,MATCH($C$2,元データ!$E$1:$H$1,0)),元データ!$A$2:$A$20000,$A63,元データ!$D$2:$D$20000,$B64,元データ!$B$2:$B$20000,$C$3,元データ!$C$2:$C$20000,N$5) -> 278 | O64: =SUM(C64:N64) -> 3555 | P64: =SUMIFS(INDEX(元データ!$E$2:$H$20000,0,MATCH($C$2,元データ!$E$1:$H$1,0)),元データ!$A$2:$A$20000,$A63,元データ!$D$2:$D$20000,$B64,元データ!$B$2:$B$20000,$D$3) -> 4008 | Q64: =IFERROR(O64/P64,"") -> 0.88697605
B65: ジャケット | C65: =SUMIFS(INDEX(元データ!$E$2:$H$20000,0,MATCH($C$2,元データ!$E$1:$H$1,0)),元データ!$A$2:$A$20000,$A63,元データ!$D$2:$D$20000,$B65,元データ!$B$2:$B$20000,$C$3,元データ!$C$2:$C$20000,C$5) -> 132 | D65: =SUMIFS(INDEX(元データ!$E$2:$H$20000,0,MATCH($C$2,元データ!$E$1:$H$1,0)),元データ!$A$2:$A$20000,$A63,元データ!$D$2:$D$20000,$B65,元データ!$B$2:$B$20000,$C$3,元データ!$C$2:$C$20000,D$5) -> 147 | E65: =SUMIFS(INDEX(元データ!$E$2:$H$20000,0,MATCH($C$2,元データ!$E$1:$H$1,0)),元データ!$A$2:$A$20000,$A63,元データ!$D$2:$D$20000,$B65,元データ!$B$2:$B$20000,$C$3,元データ!$C$2:$C$20000,E$5) -> 241 | F65: =SUMIFS(INDEX(元データ!$E$2:$H$20000,0,MATCH($C$2,元データ!$E$1:$H$1,0)),元データ!$A$2:$A$20000,$A63,元データ!$D$2:$D$20000,$B65,元データ!$B$2:$B$20000,$C$3,元データ!$C$2:$C$20000,F$5) -> 254 | G65: =SUMIFS(INDEX(元データ!$E$2:$H$20000,0,MATCH($C$2,元データ!$E$1:$H$1,0)),元データ!$A$2:$A$20000,$A63,元データ!$D$2:$D$20000,$B65,元データ!$B$2:$B$20000,$C$3,元データ!$C$2:$C$20000,G$5) -> 257 | H65: =SUMIFS(INDEX(元データ!$E$2:$H$20000,0,MATCH($C$2,元データ!$E$1:$H$1,0)),元データ!$A$2:$A$20000,$A63,元データ!$D$2:$D$20000,$B65,元データ!$B$2:$B$20000,$C$3,元データ!$C$2:$C$20000,H$5) -> 159 | I65: =SUMIFS(INDEX(元データ!$E$2:$H$20000,0,MATCH($C$2,元データ!$E$1:$H$1,0)),元データ!$A$2:$A$20000,$A63,元データ!$D$2:$D$20000,$B65,元データ!$B$2:$B$20000,$C$3,元データ!$C$2:$C$20000,I$5) -> 131 | J65: =SUMIFS(INDEX(元データ!$E$2:$H$20000,0,MATCH($C$2,元データ!$E$1:$H$1,0)),元データ!$A$2:$A$20000,$A63,元データ!$D$2:$D$20000,$B65,元データ!$B$2:$B$20000,$C$3,元データ!$C$2:$C$20000,J$5) -> 295 | ... N65: =SUMIFS(INDEX(元データ!$E$2:$H$20000,0,MATCH($C$2,元データ!$E$1:$H$1,0)),元データ!$A$2:$A$20000,$A63,元データ!$D$2:$D$20000,$B65,元データ!$B$2:$B$20000,$C$3,元データ!$C$2:$C$20000,N$5) -> 187 | O65: =SUM(C65:N65) -> 2744 | P65: =SUMIFS(INDEX(元データ!$E$2:$H$20000,0,MATCH($C$2,元データ!$E$1:$H$1,0)),元データ!$A$2:$A$20000,$A63,元データ!$D$2:$D$20000,$B65,元データ!$B$2:$B$20000,$D$3) -> 2915 | Q65: =IFERROR(O65/P65,"") -> 0.94133791
A66: =店舗マスタ!A22 -> Ｋ函南店 | B66: ワイシャツ | C66: =SUMIFS(INDEX(元データ!$E$2:$H$20000,0,MATCH($C$2,元データ!$E$1:$H$1,0)),元データ!$A$2:$A$20000,$A66,元データ!$D$2:$D$20000,$B66,元データ!$B$2:$B$20000,$C$3,元データ!$C$2:$C$20000,C$5) -> 1166 | D66: =SUMIFS(INDEX(元データ!$E$2:$H$20000,0,MATCH($C$2,元データ!$E$1:$H$1,0)),元データ!$A$2:$A$20000,$A66,元データ!$D$2:$D$20000,$B66,元データ!$B$2:$B$20000,$C$3,元データ!$C$2:$C$20000,D$5) -> 1261 | E66: =SUMIFS(INDEX(元データ!$E$2:$H$20000,0,MATCH($C$2,元データ!$E$1:$H$1,0)),元データ!$A$2:$A$20000,$A66,元データ!$D$2:$D$20000,$B66,元データ!$B$2:$B$20000,$C$3,元データ!$C$2:$C$20000,E$5) -> 1624 | F66: =SUMIFS(INDEX(元データ!$E$2:$H$20000,0,MATCH($C$2,元データ!$E$1:$H$1,0)),元データ!$A$2:$A$20000,$A66,元データ!$D$2:$D$20000,$B66,元データ!$B$2:$B$20000,$C$3,元データ!$C$2:$C$20000,F$5) -> 1452 | G66: =SUMIFS(INDEX(元データ!$E$2:$H$20000,0,MATCH($C$2,元データ!$E$1:$H$1,0)),元データ!$A$2:$A$20000,$A66,元データ!$D$2:$D$20000,$B66,元データ!$B$2:$B$20000,$C$3,元データ!$C$2:$C$20000,G$5) -> 1417 | H66: =SUMIFS(INDEX(元データ!$E$2:$H$20000,0,MATCH($C$2,元データ!$E$1:$H$1,0)),元データ!$A$2:$A$20000,$A66,元データ!$D$2:$D$20000,$B66,元データ!$B$2:$B$20000,$C$3,元データ!$C$2:$C$20000,H$5) -> 1211 | I66: =SUMIFS(INDEX(元データ!$E$2:$H$20000,0,MATCH($C$2,元データ!$E$1:$H$1,0)),元データ!$A$2:$A$20000,$A66,元データ!$D$2:$D$20000,$B66,元データ!$B$2:$B$20000,$C$3,元データ!$C$2:$C$20000,I$5) -> 1265 | J66: =SUMIFS(INDEX(元データ!$E$2:$H$20000,0,MATCH($C$2,元データ!$E$1:$H$1,0)),元データ!$A$2:$A$20000,$A66,元データ!$D$2:$D$20000,$B66,元データ!$B$2:$B$20000,$C$3,元データ!$C$2:$C$20000,J$5) -> 1448 | ... N66: =SUMIFS(INDEX(元データ!$E$2:$H$20000,0,MATCH($C$2,元データ!$E$1:$H$1,0)),元データ!$A$2:$A$20000,$A66,元データ!$D$2:$D$20000,$B66,元データ!$B$2:$B$20000,$C$3,元データ!$C$2:$C$20000,N$5) -> 1332 | O66: =SUM(C66:N66) -> 16562 | P66: =SUMIFS(INDEX(元データ!$E$2:$H$20000,0,MATCH($C$2,元データ!$E$1:$H$1,0)),元データ!$A$2:$A$20000,$A66,元データ!$D$2:$D$20000,$B66,元データ!$B$2:$B$20000,$D$3) -> 18235 | Q66: =IFERROR(O66/P66,"") -> 0.90825336
B67: ズボン | C67: =SUMIFS(INDEX(元データ!$E$2:$H$20000,0,MATCH($C$2,元データ!$E$1:$H$1,0)),元データ!$A$2:$A$20000,$A66,元データ!$D$2:$D$20000,$B67,元データ!$B$2:$B$20000,$C$3,元データ!$C$2:$C$20000,C$5) -> 607 | D67: =SUMIFS(INDEX(元データ!$E$2:$H$20000,0,MATCH($C$2,元データ!$E$1:$H$1,0)),元データ!$A$2:$A$20000,$A66,元データ!$D$2:$D$20000,$B67,元データ!$B$2:$B$20000,$C$3,元データ!$C$2:$C$20000,D$5) -> 581 | E67: =SUMIFS(INDEX(元データ!$E$2:$H$20000,0,MATCH($C$2,元データ!$E$1:$H$1,0)),元データ!$A$2:$A$20000,$A66,元データ!$D$2:$D$20000,$B67,元データ!$B$2:$B$20000,$C$3,元データ!$C$2:$C$20000,E$5) -> 837 | F67: =SUMIFS(INDEX(元データ!$E$2:$H$20000,0,MATCH($C$2,元データ!$E$1:$H$1,0)),元データ!$A$2:$A$20000,$A66,元データ!$D$2:$D$20000,$B67,元データ!$B$2:$B$20000,$C$3,元データ!$C$2:$C$20000,F$5) -> 742 | G67: =SUMIFS(INDEX(元データ!$E$2:$H$20000,0,MATCH($C$2,元データ!$E$1:$H$1,0)),元データ!$A$2:$A$20000,$A66,元データ!$D$2:$D$20000,$B67,元データ!$B$2:$B$20000,$C$3,元データ!$C$2:$C$20000,G$5) -> 755 | H67: =SUMIFS(INDEX(元データ!$E$2:$H$20000,0,MATCH($C$2,元データ!$E$1:$H$1,0)),元データ!$A$2:$A$20000,$A66,元データ!$D$2:$D$20000,$B67,元データ!$B$2:$B$20000,$C$3,元データ!$C$2:$C$20000,H$5) -> 508 | I67: =SUMIFS(INDEX(元データ!$E$2:$H$20000,0,MATCH($C$2,元データ!$E$1:$H$1,0)),元データ!$A$2:$A$20000,$A66,元データ!$D$2:$D$20000,$B67,元データ!$B$2:$B$20000,$C$3,元データ!$C$2:$C$20000,I$5) -> 461 | J67: =SUMIFS(INDEX(元データ!$E$2:$H$20000,0,MATCH($C$2,元データ!$E$1:$H$1,0)),元データ!$A$2:$A$20000,$A66,元データ!$D$2:$D$20000,$B67,元データ!$B$2:$B$20000,$C$3,元データ!$C$2:$C$20000,J$5) -> 731 | ... N67: =SUMIFS(INDEX(元データ!$E$2:$H$20000,0,MATCH($C$2,元データ!$E$1:$H$1,0)),元データ!$A$2:$A$20000,$A66,元データ!$D$2:$D$20000,$B67,元データ!$B$2:$B$20000,$C$3,元データ!$C$2:$C$20000,N$5) -> 553 | O67: =SUM(C67:N67) -> 8236 | P67: =SUMIFS(INDEX(元データ!$E$2:$H$20000,0,MATCH($C$2,元データ!$E$1:$H$1,0)),元データ!$A$2:$A$20000,$A66,元データ!$D$2:$D$20000,$B67,元データ!$B$2:$B$20000,$D$3) -> 8965 | Q67: =IFERROR(O67/P67,"") -> 0.91868377
B68: ジャケット | C68: =SUMIFS(INDEX(元データ!$E$2:$H$20000,0,MATCH($C$2,元データ!$E$1:$H$1,0)),元データ!$A$2:$A$20000,$A66,元データ!$D$2:$D$20000,$B68,元データ!$B$2:$B$20000,$C$3,元データ!$C$2:$C$20000,C$5) -> 385 | D68: =SUMIFS(INDEX(元データ!$E$2:$H$20000,0,MATCH($C$2,元データ!$E$1:$H$1,0)),元データ!$A$2:$A$20000,$A66,元データ!$D$2:$D$20000,$B68,元データ!$B$2:$B$20000,$C$3,元データ!$C$2:$C$20000,D$5) -> 385 | E68: =SUMIFS(INDEX(元データ!$E$2:$H$20000,0,MATCH($C$2,元データ!$E$1:$H$1,0)),元データ!$A$2:$A$20000,$A66,元データ!$D$2:$D$20000,$B68,元データ!$B$2:$B$20000,$C$3,元データ!$C$2:$C$20000,E$5) -> 577 | F68: =SUMIFS(INDEX(元データ!$E$2:$H$20000,0,MATCH($C$2,元データ!$E$1:$H$1,0)),元データ!$A$2:$A$20000,$A66,元データ!$D$2:$D$20000,$B68,元データ!$B$2:$B$20000,$C$3,元データ!$C$2:$C$20000,F$5) -> 595 | G68: =SUMIFS(INDEX(元データ!$E$2:$H$20000,0,MATCH($C$2,元データ!$E$1:$H$1,0)),元データ!$A$2:$A$20000,$A66,元データ!$D$2:$D$20000,$B68,元データ!$B$2:$B$20000,$C$3,元データ!$C$2:$C$20000,G$5) -> 536 | H68: =SUMIFS(INDEX(元データ!$E$2:$H$20000,0,MATCH($C$2,元データ!$E$1:$H$1,0)),元データ!$A$2:$A$20000,$A66,元データ!$D$2:$D$20000,$B68,元データ!$B$2:$B$20000,$C$3,元データ!$C$2:$C$20000,H$5) -> 381 | I68: =SUMIFS(INDEX(元データ!$E$2:$H$20000,0,MATCH($C$2,元データ!$E$1:$H$1,0)),元データ!$A$2:$A$20000,$A66,元データ!$D$2:$D$20000,$B68,元データ!$B$2:$B$20000,$C$3,元データ!$C$2:$C$20000,I$5) -> 351 | J68: =SUMIFS(INDEX(元データ!$E$2:$H$20000,0,MATCH($C$2,元データ!$E$1:$H$1,0)),元データ!$A$2:$A$20000,$A66,元データ!$D$2:$D$20000,$B68,元データ!$B$2:$B$20000,$C$3,元データ!$C$2:$C$20000,J$5) -> 723 | ... N68: =SUMIFS(INDEX(元データ!$E$2:$H$20000,0,MATCH($C$2,元データ!$E$1:$H$1,0)),元データ!$A$2:$A$20000,$A66,元データ!$D$2:$D$20000,$B68,元データ!$B$2:$B$20000,$C$3,元データ!$C$2:$C$20000,N$5) -> 602 | O68: =SUM(C68:N68) -> 6617 | P68: =SUMIFS(INDEX(元データ!$E$2:$H$20000,0,MATCH($C$2,元データ!$E$1:$H$1,0)),元データ!$A$2:$A$20000,$A66,元データ!$D$2:$D$20000,$B68,元データ!$B$2:$B$20000,$D$3) -> 6875 | Q68: =IFERROR(O68/P68,"") -> 0.96247273
A69: =店舗マスタ!A23 -> Ｃ新沢田店 | B69: ワイシャツ | C69: =SUMIFS(INDEX(元データ!$E$2:$H$20000,0,MATCH($C$2,元データ!$E$1:$H$1,0)),元データ!$A$2:$A$20000,$A69,元データ!$D$2:$D$20000,$B69,元データ!$B$2:$B$20000,$C$3,元データ!$C$2:$C$20000,C$5) -> 831 | D69: =SUMIFS(INDEX(元データ!$E$2:$H$20000,0,MATCH($C$2,元データ!$E$1:$H$1,0)),元データ!$A$2:$A$20000,$A69,元データ!$D$2:$D$20000,$B69,元データ!$B$2:$B$20000,$C$3,元データ!$C$2:$C$20000,D$5) -> 1003 | E69: =SUMIFS(INDEX(元データ!$E$2:$H$20000,0,MATCH($C$2,元データ!$E$1:$H$1,0)),元データ!$A$2:$A$20000,$A69,元データ!$D$2:$D$20000,$B69,元データ!$B$2:$B$20000,$C$3,元データ!$C$2:$C$20000,E$5) -> 1325 | F69: =SUMIFS(INDEX(元データ!$E$2:$H$20000,0,MATCH($C$2,元データ!$E$1:$H$1,0)),元データ!$A$2:$A$20000,$A69,元データ!$D$2:$D$20000,$B69,元データ!$B$2:$B$20000,$C$3,元データ!$C$2:$C$20000,F$5) -> 1225 | G69: =SUMIFS(INDEX(元データ!$E$2:$H$20000,0,MATCH($C$2,元データ!$E$1:$H$1,0)),元データ!$A$2:$A$20000,$A69,元データ!$D$2:$D$20000,$B69,元データ!$B$2:$B$20000,$C$3,元データ!$C$2:$C$20000,G$5) -> 1186 | H69: =SUMIFS(INDEX(元データ!$E$2:$H$20000,0,MATCH($C$2,元データ!$E$1:$H$1,0)),元データ!$A$2:$A$20000,$A69,元データ!$D$2:$D$20000,$B69,元データ!$B$2:$B$20000,$C$3,元データ!$C$2:$C$20000,H$5) -> 968 | I69: =SUMIFS(INDEX(元データ!$E$2:$H$20000,0,MATCH($C$2,元データ!$E$1:$H$1,0)),元データ!$A$2:$A$20000,$A69,元データ!$D$2:$D$20000,$B69,元データ!$B$2:$B$20000,$C$3,元データ!$C$2:$C$20000,I$5) -> 975 | J69: =SUMIFS(INDEX(元データ!$E$2:$H$20000,0,MATCH($C$2,元データ!$E$1:$H$1,0)),元データ!$A$2:$A$20000,$A69,元データ!$D$2:$D$20000,$B69,元データ!$B$2:$B$20000,$C$3,元データ!$C$2:$C$20000,J$5) -> 1202 | ... N69: =SUMIFS(INDEX(元データ!$E$2:$H$20000,0,MATCH($C$2,元データ!$E$1:$H$1,0)),元データ!$A$2:$A$20000,$A69,元データ!$D$2:$D$20000,$B69,元データ!$B$2:$B$20000,$C$3,元データ!$C$2:$C$20000,N$5) -> 1018 | O69: =SUM(C69:N69) -> 13117 | P69: =SUMIFS(INDEX(元データ!$E$2:$H$20000,0,MATCH($C$2,元データ!$E$1:$H$1,0)),元データ!$A$2:$A$20000,$A69,元データ!$D$2:$D$20000,$B69,元データ!$B$2:$B$20000,$D$3) -> 15290 | Q69: =IFERROR(O69/P69,"") -> 0.85788097
B70: ズボン | C70: =SUMIFS(INDEX(元データ!$E$2:$H$20000,0,MATCH($C$2,元データ!$E$1:$H$1,0)),元データ!$A$2:$A$20000,$A69,元データ!$D$2:$D$20000,$B70,元データ!$B$2:$B$20000,$C$3,元データ!$C$2:$C$20000,C$5) -> 469 | D70: =SUMIFS(INDEX(元データ!$E$2:$H$20000,0,MATCH($C$2,元データ!$E$1:$H$1,0)),元データ!$A$2:$A$20000,$A69,元データ!$D$2:$D$20000,$B70,元データ!$B$2:$B$20000,$C$3,元データ!$C$2:$C$20000,D$5) -> 479 | E70: =SUMIFS(INDEX(元データ!$E$2:$H$20000,0,MATCH($C$2,元データ!$E$1:$H$1,0)),元データ!$A$2:$A$20000,$A69,元データ!$D$2:$D$20000,$B70,元データ!$B$2:$B$20000,$C$3,元データ!$C$2:$C$20000,E$5) -> 685 | F70: =SUMIFS(INDEX(元データ!$E$2:$H$20000,0,MATCH($C$2,元データ!$E$1:$H$1,0)),元データ!$A$2:$A$20000,$A69,元データ!$D$2:$D$20000,$B70,元データ!$B$2:$B$20000,$C$3,元データ!$C$2:$C$20000,F$5) -> 623 | G70: =SUMIFS(INDEX(元データ!$E$2:$H$20000,0,MATCH($C$2,元データ!$E$1:$H$1,0)),元データ!$A$2:$A$20000,$A69,元データ!$D$2:$D$20000,$B70,元データ!$B$2:$B$20000,$C$3,元データ!$C$2:$C$20000,G$5) -> 639 | H70: =SUMIFS(INDEX(元データ!$E$2:$H$20000,0,MATCH($C$2,元データ!$E$1:$H$1,0)),元データ!$A$2:$A$20000,$A69,元データ!$D$2:$D$20000,$B70,元データ!$B$2:$B$20000,$C$3,元データ!$C$2:$C$20000,H$5) -> 434 | I70: =SUMIFS(INDEX(元データ!$E$2:$H$20000,0,MATCH($C$2,元データ!$E$1:$H$1,0)),元データ!$A$2:$A$20000,$A69,元データ!$D$2:$D$20000,$B70,元データ!$B$2:$B$20000,$C$3,元データ!$C$2:$C$20000,I$5) -> 371 | J70: =SUMIFS(INDEX(元データ!$E$2:$H$20000,0,MATCH($C$2,元データ!$E$1:$H$1,0)),元データ!$A$2:$A$20000,$A69,元データ!$D$2:$D$20000,$B70,元データ!$B$2:$B$20000,$C$3,元データ!$C$2:$C$20000,J$5) -> 549 | ... N70: =SUMIFS(INDEX(元データ!$E$2:$H$20000,0,MATCH($C$2,元データ!$E$1:$H$1,0)),元データ!$A$2:$A$20000,$A69,元データ!$D$2:$D$20000,$B70,元データ!$B$2:$B$20000,$C$3,元データ!$C$2:$C$20000,N$5) -> 604 | O70: =SUM(C70:N70) -> 6926 | P70: =SUMIFS(INDEX(元データ!$E$2:$H$20000,0,MATCH($C$2,元データ!$E$1:$H$1,0)),元データ!$A$2:$A$20000,$A69,元データ!$D$2:$D$20000,$B70,元データ!$B$2:$B$20000,$D$3) -> 7225 | Q70: =IFERROR(O70/P70,"") -> 0.95861592
B71: ジャケット | C71: =SUMIFS(INDEX(元データ!$E$2:$H$20000,0,MATCH($C$2,元データ!$E$1:$H$1,0)),元データ!$A$2:$A$20000,$A69,元データ!$D$2:$D$20000,$B71,元データ!$B$2:$B$20000,$C$3,元データ!$C$2:$C$20000,C$5) -> 231 | D71: =SUMIFS(INDEX(元データ!$E$2:$H$20000,0,MATCH($C$2,元データ!$E$1:$H$1,0)),元データ!$A$2:$A$20000,$A69,元データ!$D$2:$D$20000,$B71,元データ!$B$2:$B$20000,$C$3,元データ!$C$2:$C$20000,D$5) -> 266 | E71: =SUMIFS(INDEX(元データ!$E$2:$H$20000,0,MATCH($C$2,元データ!$E$1:$H$1,0)),元データ!$A$2:$A$20000,$A69,元データ!$D$2:$D$20000,$B71,元データ!$B$2:$B$20000,$C$3,元データ!$C$2:$C$20000,E$5) -> 461 | F71: =SUMIFS(INDEX(元データ!$E$2:$H$20000,0,MATCH($C$2,元データ!$E$1:$H$1,0)),元データ!$A$2:$A$20000,$A69,元データ!$D$2:$D$20000,$B71,元データ!$B$2:$B$20000,$C$3,元データ!$C$2:$C$20000,F$5) -> 440 | G71: =SUMIFS(INDEX(元データ!$E$2:$H$20000,0,MATCH($C$2,元データ!$E$1:$H$1,0)),元データ!$A$2:$A$20000,$A69,元データ!$D$2:$D$20000,$B71,元データ!$B$2:$B$20000,$C$3,元データ!$C$2:$C$20000,G$5) -> 528 | H71: =SUMIFS(INDEX(元データ!$E$2:$H$20000,0,MATCH($C$2,元データ!$E$1:$H$1,0)),元データ!$A$2:$A$20000,$A69,元データ!$D$2:$D$20000,$B71,元データ!$B$2:$B$20000,$C$3,元データ!$C$2:$C$20000,H$5) -> 389 | I71: =SUMIFS(INDEX(元データ!$E$2:$H$20000,0,MATCH($C$2,元データ!$E$1:$H$1,0)),元データ!$A$2:$A$20000,$A69,元データ!$D$2:$D$20000,$B71,元データ!$B$2:$B$20000,$C$3,元データ!$C$2:$C$20000,I$5) -> 274 | J71: =SUMIFS(INDEX(元データ!$E$2:$H$20000,0,MATCH($C$2,元データ!$E$1:$H$1,0)),元データ!$A$2:$A$20000,$A69,元データ!$D$2:$D$20000,$B71,元データ!$B$2:$B$20000,$C$3,元データ!$C$2:$C$20000,J$5) -> 499 | ... N71: =SUMIFS(INDEX(元データ!$E$2:$H$20000,0,MATCH($C$2,元データ!$E$1:$H$1,0)),元データ!$A$2:$A$20000,$A69,元データ!$D$2:$D$20000,$B71,元データ!$B$2:$B$20000,$C$3,元データ!$C$2:$C$20000,N$5) -> 377 | O71: =SUM(C71:N71) -> 5097 | P71: =SUMIFS(INDEX(元データ!$E$2:$H$20000,0,MATCH($C$2,元データ!$E$1:$H$1,0)),元データ!$A$2:$A$20000,$A69,元データ!$D$2:$D$20000,$B71,元データ!$B$2:$B$20000,$D$3) -> 5063 | Q71: =IFERROR(O71/P71,"") -> 1.0067154
A72: =店舗マスタ!A24 -> ＭＶ柳町店 | B72: ワイシャツ | C72: =SUMIFS(INDEX(元データ!$E$2:$H$20000,0,MATCH($C$2,元データ!$E$1:$H$1,0)),元データ!$A$2:$A$20000,$A72,元データ!$D$2:$D$20000,$B72,元データ!$B$2:$B$20000,$C$3,元データ!$C$2:$C$20000,C$5) -> 783 | D72: =SUMIFS(INDEX(元データ!$E$2:$H$20000,0,MATCH($C$2,元データ!$E$1:$H$1,0)),元データ!$A$2:$A$20000,$A72,元データ!$D$2:$D$20000,$B72,元データ!$B$2:$B$20000,$C$3,元データ!$C$2:$C$20000,D$5) -> 944 | E72: =SUMIFS(INDEX(元データ!$E$2:$H$20000,0,MATCH($C$2,元データ!$E$1:$H$1,0)),元データ!$A$2:$A$20000,$A72,元データ!$D$2:$D$20000,$B72,元データ!$B$2:$B$20000,$C$3,元データ!$C$2:$C$20000,E$5) -> 1078 | F72: =SUMIFS(INDEX(元データ!$E$2:$H$20000,0,MATCH($C$2,元データ!$E$1:$H$1,0)),元データ!$A$2:$A$20000,$A72,元データ!$D$2:$D$20000,$B72,元データ!$B$2:$B$20000,$C$3,元データ!$C$2:$C$20000,F$5) -> 988 | G72: =SUMIFS(INDEX(元データ!$E$2:$H$20000,0,MATCH($C$2,元データ!$E$1:$H$1,0)),元データ!$A$2:$A$20000,$A72,元データ!$D$2:$D$20000,$B72,元データ!$B$2:$B$20000,$C$3,元データ!$C$2:$C$20000,G$5) -> 1016 | H72: =SUMIFS(INDEX(元データ!$E$2:$H$20000,0,MATCH($C$2,元データ!$E$1:$H$1,0)),元データ!$A$2:$A$20000,$A72,元データ!$D$2:$D$20000,$B72,元データ!$B$2:$B$20000,$C$3,元データ!$C$2:$C$20000,H$5) -> 886 | I72: =SUMIFS(INDEX(元データ!$E$2:$H$20000,0,MATCH($C$2,元データ!$E$1:$H$1,0)),元データ!$A$2:$A$20000,$A72,元データ!$D$2:$D$20000,$B72,元データ!$B$2:$B$20000,$C$3,元データ!$C$2:$C$20000,I$5) -> 824 | J72: =SUMIFS(INDEX(元データ!$E$2:$H$20000,0,MATCH($C$2,元データ!$E$1:$H$1,0)),元データ!$A$2:$A$20000,$A72,元データ!$D$2:$D$20000,$B72,元データ!$B$2:$B$20000,$C$3,元データ!$C$2:$C$20000,J$5) -> 939 | ... N72: =SUMIFS(INDEX(元データ!$E$2:$H$20000,0,MATCH($C$2,元データ!$E$1:$H$1,0)),元データ!$A$2:$A$20000,$A72,元データ!$D$2:$D$20000,$B72,元データ!$B$2:$B$20000,$C$3,元データ!$C$2:$C$20000,N$5) -> 803 | O72: =SUM(C72:N72) -> 10873 | P72: =SUMIFS(INDEX(元データ!$E$2:$H$20000,0,MATCH($C$2,元データ!$E$1:$H$1,0)),元データ!$A$2:$A$20000,$A72,元データ!$D$2:$D$20000,$B72,元データ!$B$2:$B$20000,$D$3) -> 14042 | Q72: =IFERROR(O72/P72,"") -> 0.7743199
B73: ズボン | C73: =SUMIFS(INDEX(元データ!$E$2:$H$20000,0,MATCH($C$2,元データ!$E$1:$H$1,0)),元データ!$A$2:$A$20000,$A72,元データ!$D$2:$D$20000,$B73,元データ!$B$2:$B$20000,$C$3,元データ!$C$2:$C$20000,C$5) -> 385 | D73: =SUMIFS(INDEX(元データ!$E$2:$H$20000,0,MATCH($C$2,元データ!$E$1:$H$1,0)),元データ!$A$2:$A$20000,$A72,元データ!$D$2:$D$20000,$B73,元データ!$B$2:$B$20000,$C$3,元データ!$C$2:$C$20000,D$5) -> 441 | E73: =SUMIFS(INDEX(元データ!$E$2:$H$20000,0,MATCH($C$2,元データ!$E$1:$H$1,0)),元データ!$A$2:$A$20000,$A72,元データ!$D$2:$D$20000,$B73,元データ!$B$2:$B$20000,$C$3,元データ!$C$2:$C$20000,E$5) -> 506 | F73: =SUMIFS(INDEX(元データ!$E$2:$H$20000,0,MATCH($C$2,元データ!$E$1:$H$1,0)),元データ!$A$2:$A$20000,$A72,元データ!$D$2:$D$20000,$B73,元データ!$B$2:$B$20000,$C$3,元データ!$C$2:$C$20000,F$5) -> 429 | G73: =SUMIFS(INDEX(元データ!$E$2:$H$20000,0,MATCH($C$2,元データ!$E$1:$H$1,0)),元データ!$A$2:$A$20000,$A72,元データ!$D$2:$D$20000,$B73,元データ!$B$2:$B$20000,$C$3,元データ!$C$2:$C$20000,G$5) -> 471 | H73: =SUMIFS(INDEX(元データ!$E$2:$H$20000,0,MATCH($C$2,元データ!$E$1:$H$1,0)),元データ!$A$2:$A$20000,$A72,元データ!$D$2:$D$20000,$B73,元データ!$B$2:$B$20000,$C$3,元データ!$C$2:$C$20000,H$5) -> 327 | I73: =SUMIFS(INDEX(元データ!$E$2:$H$20000,0,MATCH($C$2,元データ!$E$1:$H$1,0)),元データ!$A$2:$A$20000,$A72,元データ!$D$2:$D$20000,$B73,元データ!$B$2:$B$20000,$C$3,元データ!$C$2:$C$20000,I$5) -> 257 | J73: =SUMIFS(INDEX(元データ!$E$2:$H$20000,0,MATCH($C$2,元データ!$E$1:$H$1,0)),元データ!$A$2:$A$20000,$A72,元データ!$D$2:$D$20000,$B73,元データ!$B$2:$B$20000,$C$3,元データ!$C$2:$C$20000,J$5) -> 415 | ... N73: =SUMIFS(INDEX(元データ!$E$2:$H$20000,0,MATCH($C$2,元データ!$E$1:$H$1,0)),元データ!$A$2:$A$20000,$A72,元データ!$D$2:$D$20000,$B73,元データ!$B$2:$B$20000,$C$3,元データ!$C$2:$C$20000,N$5) -> 390 | O73: =SUM(C73:N73) -> 4992 | P73: =SUMIFS(INDEX(元データ!$E$2:$H$20000,0,MATCH($C$2,元データ!$E$1:$H$1,0)),元データ!$A$2:$A$20000,$A72,元データ!$D$2:$D$20000,$B73,元データ!$B$2:$B$20000,$D$3) -> 5363 | Q73: =IFERROR(O73/P73,"") -> 0.9308223
